<Anims>
 <anim name="pickled_gold" root="cucumber" numframes="1000" framerate="40">
  <frame idx="0" w="308" h="359" x="-30.000000" y="-77.000000">
   <element name="cucumber" layername="timeline_0" frame="2" z_index="4" m_a="1.000000" m_b="0.000000" m_c="0.000000" m_d="1.000000" m_tx="-132.000000" m_ty="-175.000000"/>
  </frame>
  <frame idx="25" w="308" h="359" x="-30.000000" y="-77.000000">
   <element name="cucumber" layername="timeline_0" frame="2" z_index="4" m_a="1.000000" m_b="0.000000" m_c="0.000000" m_d="1.000000" m_tx="-132.000000" m_ty="-175.000000"/>
  </frame>
  <frame idx="50" w="308" h="359" x="-30.000000" y="-77.000000">
   <element name="cucumber" layername="timeline_0" frame="2" z_index="4" m_a="1.000000" m_b="0.000000" m_c="0.000000" m_d="1.000000" m_tx="-132.000000" m_ty="-175.000000"/>
  </frame>
  <frame idx="75" w="308" h="359" x="-30.000000" y="-77.000000">
   <element name="cucumber" layername="timeline_0" frame="2" z_index="4" m_a="1.000000" m_b="0.000000" m_c="0.000000" m_d="1.000000" m_tx="-132.000000" m_ty="-175.000000"/>
  </frame>
  <frame idx="100" w="308" h="359" x="-30.000000" y="-77.000000">
   <element name="cucumber" layername="timeline_0" frame="2" z_index="4" m_a="1.000000" m_b="0.000000" m_c="0.000000" m_d="1.000000" m_tx="-132.000000" m_ty="-175.000000"/>
  </frame>
  <frame idx="125" w="308" h="359" x="-30.000000" y="-77.000000">
   <element name="cucumber" layername="timeline_0" frame="2" z_index="4" m_a="1.000000" m_b="0.000000" m_c="0.000000" m_d="1.000000" m_tx="-132.000000" m_ty="-175.000000"/>
  </frame>
  <frame idx="150" w="308" h="359" x="-30.000000" y="-77.000000">
   <element name="cucumber" layername="timeline_0" frame="2" z_index="4" m_a="1.000000" m_b="0.000000" m_c="0.000000" m_d="1.000000" m_tx="-132.000000" m_ty="-175.000000"/>
  </frame>
  <frame idx="175" w="308" h="359" x="-30.000000" y="-77.000000">
   <element name="cucumber" layername="timeline_0" frame="2" z_index="4" m_a="1.000000" m_b="0.000000" m_c="0.000000" m_d="1.000000" m_tx="-132.000000" m_ty="-175.000000"/>
  </frame>
  <frame idx="200" w="308" h="359" x="-30.000000" y="-77.000000">
   <element name="cucumber" layername="timeline_0" frame="2" z_index="4" m_a="1.000000" m_b="0.000000" m_c="0.000000" m_d="1.000000" m_tx="-132.000000" m_ty="-175.000000"/>
  </frame>
  <frame idx="225" w="308" h="359" x="-30.000000" y="-77.000000">
   <element name="cucumber" layername="timeline_0" frame="2" z_index="4" m_a="1.000000" m_b="0.000000" m_c="0.000000" m_d="1.000000" m_tx="-132.000000" m_ty="-175.000000"/>
  </frame>
  <frame idx="250" w="308" h="359" x="-30.000000" y="-77.000000">
   <element name="cucumber" layername="timeline_0" frame="2" z_index="4" m_a="1.000000" m_b="0.000000" m_c="0.000000" m_d="1.000000" m_tx="-132.000000" m_ty="-175.000000"/>
  </frame>
  <frame idx="275" w="308" h="359" x="-30.000000" y="-77.000000">
   <element name="cucumber" layername="timeline_0" frame="2" z_index="4" m_a="1.000000" m_b="0.000000" m_c="0.000000" m_d="1.000000" m_tx="-132.000000" m_ty="-175.000000"/>
  </frame>
  <frame idx="300" w="308" h="359" x="-30.000000" y="-77.000000">
   <element name="cucumber" layername="timeline_0" frame="2" z_index="4" m_a="1.000000" m_b="0.000000" m_c="0.000000" m_d="1.000000" m_tx="-132.000000" m_ty="-175.000000"/>
  </frame>
  <frame idx="325" w="308" h="359" x="-30.000000" y="-77.000000">
   <element name="cucumber" layername="timeline_0" frame="2" z_index="4" m_a="1.000000" m_b="0.000000" m_c="0.000000" m_d="1.000000" m_tx="-132.000000" m_ty="-175.000000"/>
  </frame>
  <frame idx="350" w="308" h="359" x="-30.000000" y="-77.000000">
   <element name="cucumber" layername="timeline_0" frame="2" z_index="4" m_a="1.000000" m_b="0.000000" m_c="0.000000" m_d="1.000000" m_tx="-132.000000" m_ty="-175.000000"/>
  </frame>
  <frame idx="375" w="308" h="359" x="-30.000000" y="-77.000000">
   <element name="cucumber" layername="timeline_0" frame="2" z_index="4" m_a="1.000000" m_b="0.000000" m_c="0.000000" m_d="1.000000" m_tx="-132.000000" m_ty="-175.000000"/>
  </frame>
  <frame idx="400" w="308" h="359" x="-30.000000" y="-77.000000">
   <element name="cucumber" layername="timeline_0" frame="2" z_index="4" m_a="1.000000" m_b="0.000000" m_c="0.000000" m_d="1.000000" m_tx="-132.000000" m_ty="-175.000000"/>
  </frame>
  <frame idx="425" w="308" h="359" x="-30.000000" y="-77.000000">
   <element name="cucumber" layername="timeline_0" frame="2" z_index="4" m_a="1.000000" m_b="0.000000" m_c="0.000000" m_d="1.000000" m_tx="-132.000000" m_ty="-175.000000"/>
  </frame>
  <frame idx="450" w="308" h="359" x="-30.000000" y="-77.000000">
   <element name="cucumber" layername="timeline_0" frame="2" z_index="4" m_a="1.000000" m_b="0.000000" m_c="0.000000" m_d="1.000000" m_tx="-132.000000" m_ty="-175.000000"/>
  </frame>
  <frame idx="475" w="308" h="359" x="-30.000000" y="-77.000000">
   <element name="cucumber" layername="timeline_0" frame="2" z_index="4" m_a="1.000000" m_b="0.000000" m_c="0.000000" m_d="1.000000" m_tx="-132.000000" m_ty="-175.000000"/>
  </frame>
  <frame idx="500" w="308" h="359" x="-30.000000" y="-77.000000">
   <element name="cucumber" layername="timeline_0" frame="2" z_index="4" m_a="1.000000" m_b="0.000000" m_c="0.000000" m_d="1.000000" m_tx="-132.000000" m_ty="-175.000000"/>
  </frame>
  <frame idx="525" w="308" h="359" x="-30.000000" y="-77.000000">
   <element name="cucumber" layername="timeline_0" frame="2" z_index="4" m_a="1.000000" m_b="0.000000" m_c="0.000000" m_d="1.000000" m_tx="-132.000000" m_ty="-175.000000"/>
  </frame>
  <frame idx="550" w="308" h="359" x="-30.000000" y="-77.000000">
   <element name="cucumber" layername="timeline_0" frame="2" z_index="4" m_a="1.000000" m_b="0.000000" m_c="0.000000" m_d="1.000000" m_tx="-132.000000" m_ty="-175.000000"/>
  </frame>
  <frame idx="575" w="308" h="359" x="-30.000000" y="-77.000000">
   <element name="cucumber" layername="timeline_0" frame="2" z_index="4" m_a="1.000000" m_b="0.000000" m_c="0.000000" m_d="1.000000" m_tx="-132.000000" m_ty="-175.000000"/>
  </frame>
  <frame idx="600" w="308" h="359" x="-30.000000" y="-77.000000">
   <element name="cucumber" layername="timeline_0" frame="2" z_index="4" m_a="1.000000" m_b="0.000000" m_c="0.000000" m_d="1.000000" m_tx="-132.000000" m_ty="-175.000000"/>
  </frame>
  <frame idx="625" w="308" h="359" x="-30.000000" y="-77.000000">
   <element name="cucumber" layername="timeline_0" frame="2" z_index="4" m_a="1.000000" m_b="0.000000" m_c="0.000000" m_d="1.000000" m_tx="-132.000000" m_ty="-175.000000"/>
  </frame>
  <frame idx="650" w="308" h="359" x="-30.000000" y="-77.000000">
   <element name="cucumber" layername="timeline_0" frame="2" z_index="4" m_a="1.000000" m_b="0.000000" m_c="0.000000" m_d="1.000000" m_tx="-132.000000" m_ty="-175.000000"/>
  </frame>
  <frame idx="675" w="308" h="359" x="-30.000000" y="-77.000000">
   <element name="cucumber" layername="timeline_0" frame="2" z_index="4" m_a="1.000000" m_b="0.000000" m_c="0.000000" m_d="1.000000" m_tx="-132.000000" m_ty="-175.000000"/>
  </frame>
  <frame idx="700" w="308" h="359" x="-30.000000" y="-77.000000">
   <element name="cucumber" layername="timeline_0" frame="2" z_index="4" m_a="1.000000" m_b="0.000000" m_c="0.000000" m_d="1.000000" m_tx="-132.000000" m_ty="-175.000000"/>
  </frame>
  <frame idx="725" w="308" h="359" x="-30.000000" y="-77.000000">
   <element name="cucumber" layername="timeline_0" frame="2" z_index="4" m_a="1.000000" m_b="0.000000" m_c="0.000000" m_d="1.000000" m_tx="-132.000000" m_ty="-175.000000"/>
  </frame>
  <frame idx="750" w="308" h="359" x="-30.000000" y="-77.000000">
   <element name="cucumber" layername="timeline_0" frame="2" z_index="4" m_a="1.000000" m_b="0.000000" m_c="0.000000" m_d="1.000000" m_tx="-132.000000" m_ty="-175.000000"/>
  </frame>
  <frame idx="775" w="308" h="359" x="-30.000000" y="-77.000000">
   <element name="cucumber" layername="timeline_0" frame="2" z_index="4" m_a="1.000000" m_b="0.000000" m_c="0.000000" m_d="1.000000" m_tx="-132.000000" m_ty="-175.000000"/>
  </frame>
  <frame idx="800" w="308" h="359" x="-30.000000" y="-77.000000">
   <element name="cucumber" layername="timeline_0" frame="2" z_index="4" m_a="1.000000" m_b="0.000000" m_c="0.000000" m_d="1.000000" m_tx="-132.000000" m_ty="-175.000000"/>
  </frame>
  <frame idx="825" w="308" h="359" x="-30.000000" y="-77.000000">
   <element name="cucumber" layername="timeline_0" frame="2" z_index="4" m_a="1.000000" m_b="0.000000" m_c="0.000000" m_d="1.000000" m_tx="-132.000000" m_ty="-175.000000"/>
  </frame>
  <frame idx="850" w="308" h="359" x="-30.000000" y="-77.000000">
   <element name="cucumber" layername="timeline_0" frame="2" z_index="4" m_a="1.000000" m_b="0.000000" m_c="0.000000" m_d="1.000000" m_tx="-132.000000" m_ty="-175.000000"/>
  </frame>
  <frame idx="875" w="308" h="359" x="-30.000000" y="-77.000000">
   <element name="cucumber" layername="timeline_0" frame="2" z_index="4" m_a="1.000000" m_b="0.000000" m_c="0.000000" m_d="1.000000" m_tx="-132.000000" m_ty="-175.000000"/>
  </frame>
  <frame idx="900" w="308" h="359" x="-30.000000" y="-77.000000">
   <element name="cucumber" layername="timeline_0" frame="2" z_index="4" m_a="1.000000" m_b="0.000000" m_c="0.000000" m_d="1.000000" m_tx="-132.000000" m_ty="-175.000000"/>
  </frame>
  <frame idx="925" w="308" h="359" x="-30.000000" y="-77.000000">
   <element name="cucumber" layername="timeline_0" frame="2" z_index="4" m_a="1.000000" m_b="0.000000" m_c="0.000000" m_d="1.000000" m_tx="-132.000000" m_ty="-175.000000"/>
  </frame>
  <frame idx="950" w="308" h="359" x="-30.000000" y="-77.000000">
   <element name="cucumber" layername="timeline_0" frame="2" z_index="4" m_a="1.000000" m_b="0.000000" m_c="0.000000" m_d="1.000000" m_tx="-132.000000" m_ty="-175.000000"/>
  </frame>
  <frame idx="975" w="308" h="359" x="-30.000000" y="-77.000000">
   <element name="cucumber" layername="timeline_0" frame="2" z_index="4" m_a="1.000000" m_b="0.000000" m_c="0.000000" m_d="1.000000" m_tx="-132.000000" m_ty="-175.000000"/>
  </frame>
 </anim>
 <anim name="idle" root="cucumber" numframes="1000" framerate="40">
  <frame idx="0" w="308" h="365" x="-20.000000" y="-72.500000">
   <element name="cucumber" layername="timeline_0" frame="0" z_index="4" m_a="1.000000" m_b="0.000000" m_c="0.000000" m_d="1.000000" m_tx="-122.000000" m_ty="-170.000000"/>
  </frame>
  <frame idx="25" w="308" h="365" x="-20.000000" y="-72.500000">
   <element name="cucumber" layername="timeline_0" frame="0" z_index="4" m_a="1.000000" m_b="0.000000" m_c="0.000000" m_d="1.000000" m_tx="-122.000000" m_ty="-170.000000"/>
  </frame>
  <frame idx="50" w="308" h="365" x="-20.000000" y="-72.500000">
   <element name="cucumber" layername="timeline_0" frame="0" z_index="4" m_a="1.000000" m_b="0.000000" m_c="0.000000" m_d="1.000000" m_tx="-122.000000" m_ty="-170.000000"/>
  </frame>
  <frame idx="75" w="308" h="365" x="-20.000000" y="-72.500000">
   <element name="cucumber" layername="timeline_0" frame="0" z_index="4" m_a="1.000000" m_b="0.000000" m_c="0.000000" m_d="1.000000" m_tx="-122.000000" m_ty="-170.000000"/>
  </frame>
  <frame idx="100" w="308" h="365" x="-20.000000" y="-72.500000">
   <element name="cucumber" layername="timeline_0" frame="0" z_index="4" m_a="1.000000" m_b="0.000000" m_c="0.000000" m_d="1.000000" m_tx="-122.000000" m_ty="-170.000000"/>
  </frame>
  <frame idx="125" w="308" h="365" x="-20.000000" y="-72.500000">
   <element name="cucumber" layername="timeline_0" frame="0" z_index="4" m_a="1.000000" m_b="0.000000" m_c="0.000000" m_d="1.000000" m_tx="-122.000000" m_ty="-170.000000"/>
  </frame>
  <frame idx="150" w="308" h="365" x="-20.000000" y="-72.500000">
   <element name="cucumber" layername="timeline_0" frame="0" z_index="4" m_a="1.000000" m_b="0.000000" m_c="0.000000" m_d="1.000000" m_tx="-122.000000" m_ty="-170.000000"/>
  </frame>
  <frame idx="175" w="308" h="365" x="-20.000000" y="-72.500000">
   <element name="cucumber" layername="timeline_0" frame="0" z_index="4" m_a="1.000000" m_b="0.000000" m_c="0.000000" m_d="1.000000" m_tx="-122.000000" m_ty="-170.000000"/>
  </frame>
  <frame idx="200" w="308" h="365" x="-20.000000" y="-72.500000">
   <element name="cucumber" layername="timeline_0" frame="0" z_index="4" m_a="1.000000" m_b="0.000000" m_c="0.000000" m_d="1.000000" m_tx="-122.000000" m_ty="-170.000000"/>
  </frame>
  <frame idx="225" w="308" h="365" x="-20.000000" y="-72.500000">
   <element name="cucumber" layername="timeline_0" frame="0" z_index="4" m_a="1.000000" m_b="0.000000" m_c="0.000000" m_d="1.000000" m_tx="-122.000000" m_ty="-170.000000"/>
  </frame>
  <frame idx="250" w="308" h="365" x="-20.000000" y="-72.500000">
   <element name="cucumber" layername="timeline_0" frame="0" z_index="4" m_a="1.000000" m_b="0.000000" m_c="0.000000" m_d="1.000000" m_tx="-122.000000" m_ty="-170.000000"/>
  </frame>
  <frame idx="275" w="308" h="365" x="-20.000000" y="-72.500000">
   <element name="cucumber" layername="timeline_0" frame="0" z_index="4" m_a="1.000000" m_b="0.000000" m_c="0.000000" m_d="1.000000" m_tx="-122.000000" m_ty="-170.000000"/>
  </frame>
  <frame idx="300" w="308" h="365" x="-20.000000" y="-72.500000">
   <element name="cucumber" layername="timeline_0" frame="0" z_index="4" m_a="1.000000" m_b="0.000000" m_c="0.000000" m_d="1.000000" m_tx="-122.000000" m_ty="-170.000000"/>
  </frame>
  <frame idx="325" w="308" h="365" x="-20.000000" y="-72.500000">
   <element name="cucumber" layername="timeline_0" frame="0" z_index="4" m_a="1.000000" m_b="0.000000" m_c="0.000000" m_d="1.000000" m_tx="-122.000000" m_ty="-170.000000"/>
  </frame>
  <frame idx="350" w="308" h="365" x="-20.000000" y="-72.500000">
   <element name="cucumber" layername="timeline_0" frame="0" z_index="4" m_a="1.000000" m_b="0.000000" m_c="0.000000" m_d="1.000000" m_tx="-122.000000" m_ty="-170.000000"/>
  </frame>
  <frame idx="375" w="308" h="365" x="-20.000000" y="-72.500000">
   <element name="cucumber" layername="timeline_0" frame="0" z_index="4" m_a="1.000000" m_b="0.000000" m_c="0.000000" m_d="1.000000" m_tx="-122.000000" m_ty="-170.000000"/>
  </frame>
  <frame idx="400" w="308" h="365" x="-20.000000" y="-72.500000">
   <element name="cucumber" layername="timeline_0" frame="0" z_index="4" m_a="1.000000" m_b="0.000000" m_c="0.000000" m_d="1.000000" m_tx="-122.000000" m_ty="-170.000000"/>
  </frame>
  <frame idx="425" w="308" h="365" x="-20.000000" y="-72.500000">
   <element name="cucumber" layername="timeline_0" frame="0" z_index="4" m_a="1.000000" m_b="0.000000" m_c="0.000000" m_d="1.000000" m_tx="-122.000000" m_ty="-170.000000"/>
  </frame>
  <frame idx="450" w="308" h="365" x="-20.000000" y="-72.500000">
   <element name="cucumber" layername="timeline_0" frame="0" z_index="4" m_a="1.000000" m_b="0.000000" m_c="0.000000" m_d="1.000000" m_tx="-122.000000" m_ty="-170.000000"/>
  </frame>
  <frame idx="475" w="308" h="365" x="-20.000000" y="-72.500000">
   <element name="cucumber" layername="timeline_0" frame="0" z_index="4" m_a="1.000000" m_b="0.000000" m_c="0.000000" m_d="1.000000" m_tx="-122.000000" m_ty="-170.000000"/>
  </frame>
  <frame idx="500" w="308" h="365" x="-20.000000" y="-72.500000">
   <element name="cucumber" layername="timeline_0" frame="0" z_index="4" m_a="1.000000" m_b="0.000000" m_c="0.000000" m_d="1.000000" m_tx="-122.000000" m_ty="-170.000000"/>
  </frame>
  <frame idx="525" w="308" h="365" x="-20.000000" y="-72.500000">
   <element name="cucumber" layername="timeline_0" frame="0" z_index="4" m_a="1.000000" m_b="0.000000" m_c="0.000000" m_d="1.000000" m_tx="-122.000000" m_ty="-170.000000"/>
  </frame>
  <frame idx="550" w="308" h="365" x="-20.000000" y="-72.500000">
   <element name="cucumber" layername="timeline_0" frame="0" z_index="4" m_a="1.000000" m_b="0.000000" m_c="0.000000" m_d="1.000000" m_tx="-122.000000" m_ty="-170.000000"/>
  </frame>
  <frame idx="575" w="308" h="365" x="-20.000000" y="-72.500000">
   <element name="cucumber" layername="timeline_0" frame="0" z_index="4" m_a="1.000000" m_b="0.000000" m_c="0.000000" m_d="1.000000" m_tx="-122.000000" m_ty="-170.000000"/>
  </frame>
  <frame idx="600" w="308" h="365" x="-20.000000" y="-72.500000">
   <element name="cucumber" layername="timeline_0" frame="0" z_index="4" m_a="1.000000" m_b="0.000000" m_c="0.000000" m_d="1.000000" m_tx="-122.000000" m_ty="-170.000000"/>
  </frame>
  <frame idx="625" w="308" h="365" x="-20.000000" y="-72.500000">
   <element name="cucumber" layername="timeline_0" frame="0" z_index="4" m_a="1.000000" m_b="0.000000" m_c="0.000000" m_d="1.000000" m_tx="-122.000000" m_ty="-170.000000"/>
  </frame>
  <frame idx="650" w="308" h="365" x="-20.000000" y="-72.500000">
   <element name="cucumber" layername="timeline_0" frame="0" z_index="4" m_a="1.000000" m_b="0.000000" m_c="0.000000" m_d="1.000000" m_tx="-122.000000" m_ty="-170.000000"/>
  </frame>
  <frame idx="675" w="308" h="365" x="-20.000000" y="-72.500000">
   <element name="cucumber" layername="timeline_0" frame="0" z_index="4" m_a="1.000000" m_b="0.000000" m_c="0.000000" m_d="1.000000" m_tx="-122.000000" m_ty="-170.000000"/>
  </frame>
  <frame idx="700" w="308" h="365" x="-20.000000" y="-72.500000">
   <element name="cucumber" layername="timeline_0" frame="0" z_index="4" m_a="1.000000" m_b="0.000000" m_c="0.000000" m_d="1.000000" m_tx="-122.000000" m_ty="-170.000000"/>
  </frame>
  <frame idx="725" w="308" h="365" x="-20.000000" y="-72.500000">
   <element name="cucumber" layername="timeline_0" frame="0" z_index="4" m_a="1.000000" m_b="0.000000" m_c="0.000000" m_d="1.000000" m_tx="-122.000000" m_ty="-170.000000"/>
  </frame>
  <frame idx="750" w="308" h="365" x="-20.000000" y="-72.500000">
   <element name="cucumber" layername="timeline_0" frame="0" z_index="4" m_a="1.000000" m_b="0.000000" m_c="0.000000" m_d="1.000000" m_tx="-122.000000" m_ty="-170.000000"/>
  </frame>
  <frame idx="775" w="308" h="365" x="-20.000000" y="-72.500000">
   <element name="cucumber" layername="timeline_0" frame="0" z_index="4" m_a="1.000000" m_b="0.000000" m_c="0.000000" m_d="1.000000" m_tx="-122.000000" m_ty="-170.000000"/>
  </frame>
  <frame idx="800" w="308" h="365" x="-20.000000" y="-72.500000">
   <element name="cucumber" layername="timeline_0" frame="0" z_index="4" m_a="1.000000" m_b="0.000000" m_c="0.000000" m_d="1.000000" m_tx="-122.000000" m_ty="-170.000000"/>
  </frame>
  <frame idx="825" w="308" h="365" x="-20.000000" y="-72.500000">
   <element name="cucumber" layername="timeline_0" frame="0" z_index="4" m_a="1.000000" m_b="0.000000" m_c="0.000000" m_d="1.000000" m_tx="-122.000000" m_ty="-170.000000"/>
  </frame>
  <frame idx="850" w="308" h="365" x="-20.000000" y="-72.500000">
   <element name="cucumber" layername="timeline_0" frame="0" z_index="4" m_a="1.000000" m_b="0.000000" m_c="0.000000" m_d="1.000000" m_tx="-122.000000" m_ty="-170.000000"/>
  </frame>
  <frame idx="875" w="308" h="365" x="-20.000000" y="-72.500000">
   <element name="cucumber" layername="timeline_0" frame="0" z_index="4" m_a="1.000000" m_b="0.000000" m_c="0.000000" m_d="1.000000" m_tx="-122.000000" m_ty="-170.000000"/>
  </frame>
  <frame idx="900" w="308" h="365" x="-20.000000" y="-72.500000">
   <element name="cucumber" layername="timeline_0" frame="0" z_index="4" m_a="1.000000" m_b="0.000000" m_c="0.000000" m_d="1.000000" m_tx="-122.000000" m_ty="-170.000000"/>
  </frame>
  <frame idx="925" w="308" h="365" x="-20.000000" y="-72.500000">
   <element name="cucumber" layername="timeline_0" frame="0" z_index="4" m_a="1.000000" m_b="0.000000" m_c="0.000000" m_d="1.000000" m_tx="-122.000000" m_ty="-170.000000"/>
  </frame>
  <frame idx="950" w="308" h="365" x="-20.000000" y="-72.500000">
   <element name="cucumber" layername="timeline_0" frame="0" z_index="4" m_a="1.000000" m_b="0.000000" m_c="0.000000" m_d="1.000000" m_tx="-122.000000" m_ty="-170.000000"/>
  </frame>
  <frame idx="975" w="308" h="365" x="-20.000000" y="-72.500000">
   <element name="cucumber" layername="timeline_0" frame="0" z_index="4" m_a="1.000000" m_b="0.000000" m_c="0.000000" m_d="1.000000" m_tx="-122.000000" m_ty="-170.000000"/>
  </frame>
 </anim>
 <anim name="cooked" root="cucumber" numframes="1000" framerate="40">
  <frame idx="0" w="308" h="371" x="-31.000000" y="-89.000000">
   <element name="cucumber" layername="timeline_0" frame="1" z_index="4" m_a="1.000000" m_b="0.000000" m_c="0.000000" m_d="1.000000" m_tx="-133.000000" m_ty="-186.000000"/>
  </frame>
  <frame idx="25" w="308" h="371" x="-31.000000" y="-89.000000">
   <element name="cucumber" layername="timeline_0" frame="1" z_index="4" m_a="1.000000" m_b="0.000000" m_c="0.000000" m_d="1.000000" m_tx="-133.000000" m_ty="-186.000000"/>
  </frame>
  <frame idx="50" w="308" h="371" x="-31.000000" y="-89.000000">
   <element name="cucumber" layername="timeline_0" frame="1" z_index="4" m_a="1.000000" m_b="0.000000" m_c="0.000000" m_d="1.000000" m_tx="-133.000000" m_ty="-186.000000"/>
  </frame>
  <frame idx="75" w="308" h="371" x="-31.000000" y="-89.000000">
   <element name="cucumber" layername="timeline_0" frame="1" z_index="4" m_a="1.000000" m_b="0.000000" m_c="0.000000" m_d="1.000000" m_tx="-133.000000" m_ty="-186.000000"/>
  </frame>
  <frame idx="100" w="308" h="371" x="-31.000000" y="-89.000000">
   <element name="cucumber" layername="timeline_0" frame="1" z_index="4" m_a="1.000000" m_b="0.000000" m_c="0.000000" m_d="1.000000" m_tx="-133.000000" m_ty="-186.000000"/>
  </frame>
  <frame idx="125" w="308" h="371" x="-31.000000" y="-89.000000">
   <element name="cucumber" layername="timeline_0" frame="1" z_index="4" m_a="1.000000" m_b="0.000000" m_c="0.000000" m_d="1.000000" m_tx="-133.000000" m_ty="-186.000000"/>
  </frame>
  <frame idx="150" w="308" h="371" x="-31.000000" y="-89.000000">
   <element name="cucumber" layername="timeline_0" frame="1" z_index="4" m_a="1.000000" m_b="0.000000" m_c="0.000000" m_d="1.000000" m_tx="-133.000000" m_ty="-186.000000"/>
  </frame>
  <frame idx="175" w="308" h="371" x="-31.000000" y="-89.000000">
   <element name="cucumber" layername="timeline_0" frame="1" z_index="4" m_a="1.000000" m_b="0.000000" m_c="0.000000" m_d="1.000000" m_tx="-133.000000" m_ty="-186.000000"/>
  </frame>
  <frame idx="200" w="308" h="371" x="-31.000000" y="-89.000000">
   <element name="cucumber" layername="timeline_0" frame="1" z_index="4" m_a="1.000000" m_b="0.000000" m_c="0.000000" m_d="1.000000" m_tx="-133.000000" m_ty="-186.000000"/>
  </frame>
  <frame idx="225" w="308" h="371" x="-31.000000" y="-89.000000">
   <element name="cucumber" layername="timeline_0" frame="1" z_index="4" m_a="1.000000" m_b="0.000000" m_c="0.000000" m_d="1.000000" m_tx="-133.000000" m_ty="-186.000000"/>
  </frame>
  <frame idx="250" w="308" h="371" x="-31.000000" y="-89.000000">
   <element name="cucumber" layername="timeline_0" frame="1" z_index="4" m_a="1.000000" m_b="0.000000" m_c="0.000000" m_d="1.000000" m_tx="-133.000000" m_ty="-186.000000"/>
  </frame>
  <frame idx="275" w="308" h="371" x="-31.000000" y="-89.000000">
   <element name="cucumber" layername="timeline_0" frame="1" z_index="4" m_a="1.000000" m_b="0.000000" m_c="0.000000" m_d="1.000000" m_tx="-133.000000" m_ty="-186.000000"/>
  </frame>
  <frame idx="300" w="308" h="371" x="-31.000000" y="-89.000000">
   <element name="cucumber" layername="timeline_0" frame="1" z_index="4" m_a="1.000000" m_b="0.000000" m_c="0.000000" m_d="1.000000" m_tx="-133.000000" m_ty="-186.000000"/>
  </frame>
  <frame idx="325" w="308" h="371" x="-31.000000" y="-89.000000">
   <element name="cucumber" layername="timeline_0" frame="1" z_index="4" m_a="1.000000" m_b="0.000000" m_c="0.000000" m_d="1.000000" m_tx="-133.000000" m_ty="-186.000000"/>
  </frame>
  <frame idx="350" w="308" h="371" x="-31.000000" y="-89.000000">
   <element name="cucumber" layername="timeline_0" frame="1" z_index="4" m_a="1.000000" m_b="0.000000" m_c="0.000000" m_d="1.000000" m_tx="-133.000000" m_ty="-186.000000"/>
  </frame>
  <frame idx="375" w="308" h="371" x="-31.000000" y="-89.000000">
   <element name="cucumber" layername="timeline_0" frame="1" z_index="4" m_a="1.000000" m_b="0.000000" m_c="0.000000" m_d="1.000000" m_tx="-133.000000" m_ty="-186.000000"/>
  </frame>
  <frame idx="400" w="308" h="371" x="-31.000000" y="-89.000000">
   <element name="cucumber" layername="timeline_0" frame="1" z_index="4" m_a="1.000000" m_b="0.000000" m_c="0.000000" m_d="1.000000" m_tx="-133.000000" m_ty="-186.000000"/>
  </frame>
  <frame idx="425" w="308" h="371" x="-31.000000" y="-89.000000">
   <element name="cucumber" layername="timeline_0" frame="1" z_index="4" m_a="1.000000" m_b="0.000000" m_c="0.000000" m_d="1.000000" m_tx="-133.000000" m_ty="-186.000000"/>
  </frame>
  <frame idx="450" w="308" h="371" x="-31.000000" y="-89.000000">
   <element name="cucumber" layername="timeline_0" frame="1" z_index="4" m_a="1.000000" m_b="0.000000" m_c="0.000000" m_d="1.000000" m_tx="-133.000000" m_ty="-186.000000"/>
  </frame>
  <frame idx="475" w="308" h="371" x="-31.000000" y="-89.000000">
   <element name="cucumber" layername="timeline_0" frame="1" z_index="4" m_a="1.000000" m_b="0.000000" m_c="0.000000" m_d="1.000000" m_tx="-133.000000" m_ty="-186.000000"/>
  </frame>
  <frame idx="500" w="308" h="371" x="-31.000000" y="-89.000000">
   <element name="cucumber" layername="timeline_0" frame="1" z_index="4" m_a="1.000000" m_b="0.000000" m_c="0.000000" m_d="1.000000" m_tx="-133.000000" m_ty="-186.000000"/>
  </frame>
  <frame idx="525" w="308" h="371" x="-31.000000" y="-89.000000">
   <element name="cucumber" layername="timeline_0" frame="1" z_index="4" m_a="1.000000" m_b="0.000000" m_c="0.000000" m_d="1.000000" m_tx="-133.000000" m_ty="-186.000000"/>
  </frame>
  <frame idx="550" w="308" h="371" x="-31.000000" y="-89.000000">
   <element name="cucumber" layername="timeline_0" frame="1" z_index="4" m_a="1.000000" m_b="0.000000" m_c="0.000000" m_d="1.000000" m_tx="-133.000000" m_ty="-186.000000"/>
  </frame>
  <frame idx="575" w="308" h="371" x="-31.000000" y="-89.000000">
   <element name="cucumber" layername="timeline_0" frame="1" z_index="4" m_a="1.000000" m_b="0.000000" m_c="0.000000" m_d="1.000000" m_tx="-133.000000" m_ty="-186.000000"/>
  </frame>
  <frame idx="600" w="308" h="371" x="-31.000000" y="-89.000000">
   <element name="cucumber" layername="timeline_0" frame="1" z_index="4" m_a="1.000000" m_b="0.000000" m_c="0.000000" m_d="1.000000" m_tx="-133.000000" m_ty="-186.000000"/>
  </frame>
  <frame idx="625" w="308" h="371" x="-31.000000" y="-89.000000">
   <element name="cucumber" layername="timeline_0" frame="1" z_index="4" m_a="1.000000" m_b="0.000000" m_c="0.000000" m_d="1.000000" m_tx="-133.000000" m_ty="-186.000000"/>
  </frame>
  <frame idx="650" w="308" h="371" x="-31.000000" y="-89.000000">
   <element name="cucumber" layername="timeline_0" frame="1" z_index="4" m_a="1.000000" m_b="0.000000" m_c="0.000000" m_d="1.000000" m_tx="-133.000000" m_ty="-186.000000"/>
  </frame>
  <frame idx="675" w="308" h="371" x="-31.000000" y="-89.000000">
   <element name="cucumber" layername="timeline_0" frame="1" z_index="4" m_a="1.000000" m_b="0.000000" m_c="0.000000" m_d="1.000000" m_tx="-133.000000" m_ty="-186.000000"/>
  </frame>
  <frame idx="700" w="308" h="371" x="-31.000000" y="-89.000000">
   <element name="cucumber" layername="timeline_0" frame="1" z_index="4" m_a="1.000000" m_b="0.000000" m_c="0.000000" m_d="1.000000" m_tx="-133.000000" m_ty="-186.000000"/>
  </frame>
  <frame idx="725" w="308" h="371" x="-31.000000" y="-89.000000">
   <element name="cucumber" layername="timeline_0" frame="1" z_index="4" m_a="1.000000" m_b="0.000000" m_c="0.000000" m_d="1.000000" m_tx="-133.000000" m_ty="-186.000000"/>
  </frame>
  <frame idx="750" w="308" h="371" x="-31.000000" y="-89.000000">
   <element name="cucumber" layername="timeline_0" frame="1" z_index="4" m_a="1.000000" m_b="0.000000" m_c="0.000000" m_d="1.000000" m_tx="-133.000000" m_ty="-186.000000"/>
  </frame>
  <frame idx="775" w="308" h="371" x="-31.000000" y="-89.000000">
   <element name="cucumber" layername="timeline_0" frame="1" z_index="4" m_a="1.000000" m_b="0.000000" m_c="0.000000" m_d="1.000000" m_tx="-133.000000" m_ty="-186.000000"/>
  </frame>
  <frame idx="800" w="308" h="371" x="-31.000000" y="-89.000000">
   <element name="cucumber" layername="timeline_0" frame="1" z_index="4" m_a="1.000000" m_b="0.000000" m_c="0.000000" m_d="1.000000" m_tx="-133.000000" m_ty="-186.000000"/>
  </frame>
  <frame idx="825" w="308" h="371" x="-31.000000" y="-89.000000">
   <element name="cucumber" layername="timeline_0" frame="1" z_index="4" m_a="1.000000" m_b="0.000000" m_c="0.000000" m_d="1.000000" m_tx="-133.000000" m_ty="-186.000000"/>
  </frame>
  <frame idx="850" w="308" h="371" x="-31.000000" y="-89.000000">
   <element name="cucumber" layername="timeline_0" frame="1" z_index="4" m_a="1.000000" m_b="0.000000" m_c="0.000000" m_d="1.000000" m_tx="-133.000000" m_ty="-186.000000"/>
  </frame>
  <frame idx="875" w="308" h="371" x="-31.000000" y="-89.000000">
   <element name="cucumber" layername="timeline_0" frame="1" z_index="4" m_a="1.000000" m_b="0.000000" m_c="0.000000" m_d="1.000000" m_tx="-133.000000" m_ty="-186.000000"/>
  </frame>
  <frame idx="900" w="308" h="371" x="-31.000000" y="-89.000000">
   <element name="cucumber" layername="timeline_0" frame="1" z_index="4" m_a="1.000000" m_b="0.000000" m_c="0.000000" m_d="1.000000" m_tx="-133.000000" m_ty="-186.000000"/>
  </frame>
  <frame idx="925" w="308" h="371" x="-31.000000" y="-89.000000">
   <element name="cucumber" layername="timeline_0" frame="1" z_index="4" m_a="1.000000" m_b="0.000000" m_c="0.000000" m_d="1.000000" m_tx="-133.000000" m_ty="-186.000000"/>
  </frame>
  <frame idx="950" w="308" h="371" x="-31.000000" y="-89.000000">
   <element name="cucumber" layername="timeline_0" frame="1" z_index="4" m_a="1.000000" m_b="0.000000" m_c="0.000000" m_d="1.000000" m_tx="-133.000000" m_ty="-186.000000"/>
  </frame>
  <frame idx="975" w="308" h="371" x="-31.000000" y="-89.000000">
   <element name="cucumber" layername="timeline_0" frame="1" z_index="4" m_a="1.000000" m_b="0.000000" m_c="0.000000" m_d="1.000000" m_tx="-133.000000" m_ty="-186.000000"/>
  </frame>
 </anim>
 <anim name="idle" root="cucumber01" numframes="1000" framerate="40">
  <frame idx="0" w="231" h="412" x="-18.500000" y="-184.500000">
   <element name="cucumber01" layername="timeline_0" frame="0" z_index="4" m_a="1.000000" m_b="0.000000" m_c="0.000000" m_d="1.000000" m_tx="-95.000000" m_ty="-246.000000"/>
  </frame>
  <frame idx="25" w="231" h="412" x="-18.500000" y="-184.500000">
   <element name="cucumber01" layername="timeline_0" frame="0" z_index="4" m_a="1.000000" m_b="0.000000" m_c="0.000000" m_d="1.000000" m_tx="-95.000000" m_ty="-246.000000"/>
  </frame>
  <frame idx="50" w="231" h="412" x="-18.500000" y="-184.500000">
   <element name="cucumber01" layername="timeline_0" frame="0" z_index="4" m_a="1.000000" m_b="0.000000" m_c="0.000000" m_d="1.000000" m_tx="-95.000000" m_ty="-246.000000"/>
  </frame>
  <frame idx="75" w="231" h="412" x="-18.500000" y="-184.500000">
   <element name="cucumber01" layername="timeline_0" frame="0" z_index="4" m_a="1.000000" m_b="0.000000" m_c="0.000000" m_d="1.000000" m_tx="-95.000000" m_ty="-246.000000"/>
  </frame>
  <frame idx="100" w="231" h="412" x="-18.500000" y="-184.500000">
   <element name="cucumber01" layername="timeline_0" frame="0" z_index="4" m_a="1.000000" m_b="0.000000" m_c="0.000000" m_d="1.000000" m_tx="-95.000000" m_ty="-246.000000"/>
  </frame>
  <frame idx="125" w="231" h="412" x="-18.500000" y="-184.500000">
   <element name="cucumber01" layername="timeline_0" frame="0" z_index="4" m_a="1.000000" m_b="0.000000" m_c="0.000000" m_d="1.000000" m_tx="-95.000000" m_ty="-246.000000"/>
  </frame>
  <frame idx="150" w="231" h="412" x="-18.500000" y="-184.500000">
   <element name="cucumber01" layername="timeline_0" frame="0" z_index="4" m_a="1.000000" m_b="0.000000" m_c="0.000000" m_d="1.000000" m_tx="-95.000000" m_ty="-246.000000"/>
  </frame>
  <frame idx="175" w="231" h="412" x="-18.500000" y="-184.500000">
   <element name="cucumber01" layername="timeline_0" frame="0" z_index="4" m_a="1.000000" m_b="0.000000" m_c="0.000000" m_d="1.000000" m_tx="-95.000000" m_ty="-246.000000"/>
  </frame>
  <frame idx="200" w="231" h="412" x="-18.500000" y="-184.500000">
   <element name="cucumber01" layername="timeline_0" frame="0" z_index="4" m_a="1.000000" m_b="0.000000" m_c="0.000000" m_d="1.000000" m_tx="-95.000000" m_ty="-246.000000"/>
  </frame>
  <frame idx="225" w="231" h="412" x="-18.500000" y="-184.500000">
   <element name="cucumber01" layername="timeline_0" frame="0" z_index="4" m_a="1.000000" m_b="0.000000" m_c="0.000000" m_d="1.000000" m_tx="-95.000000" m_ty="-246.000000"/>
  </frame>
  <frame idx="250" w="231" h="412" x="-18.500000" y="-184.500000">
   <element name="cucumber01" layername="timeline_0" frame="0" z_index="4" m_a="1.000000" m_b="0.000000" m_c="0.000000" m_d="1.000000" m_tx="-95.000000" m_ty="-246.000000"/>
  </frame>
  <frame idx="275" w="231" h="412" x="-18.500000" y="-184.500000">
   <element name="cucumber01" layername="timeline_0" frame="0" z_index="4" m_a="1.000000" m_b="0.000000" m_c="0.000000" m_d="1.000000" m_tx="-95.000000" m_ty="-246.000000"/>
  </frame>
  <frame idx="300" w="231" h="412" x="-18.500000" y="-184.500000">
   <element name="cucumber01" layername="timeline_0" frame="0" z_index="4" m_a="1.000000" m_b="0.000000" m_c="0.000000" m_d="1.000000" m_tx="-95.000000" m_ty="-246.000000"/>
  </frame>
  <frame idx="325" w="231" h="412" x="-18.500000" y="-184.500000">
   <element name="cucumber01" layername="timeline_0" frame="0" z_index="4" m_a="1.000000" m_b="0.000000" m_c="0.000000" m_d="1.000000" m_tx="-95.000000" m_ty="-246.000000"/>
  </frame>
  <frame idx="350" w="231" h="412" x="-18.500000" y="-184.500000">
   <element name="cucumber01" layername="timeline_0" frame="0" z_index="4" m_a="1.000000" m_b="0.000000" m_c="0.000000" m_d="1.000000" m_tx="-95.000000" m_ty="-246.000000"/>
  </frame>
  <frame idx="375" w="231" h="412" x="-18.500000" y="-184.500000">
   <element name="cucumber01" layername="timeline_0" frame="0" z_index="4" m_a="1.000000" m_b="0.000000" m_c="0.000000" m_d="1.000000" m_tx="-95.000000" m_ty="-246.000000"/>
  </frame>
  <frame idx="400" w="231" h="412" x="-18.500000" y="-184.500000">
   <element name="cucumber01" layername="timeline_0" frame="0" z_index="4" m_a="1.000000" m_b="0.000000" m_c="0.000000" m_d="1.000000" m_tx="-95.000000" m_ty="-246.000000"/>
  </frame>
  <frame idx="425" w="231" h="412" x="-18.500000" y="-184.500000">
   <element name="cucumber01" layername="timeline_0" frame="0" z_index="4" m_a="1.000000" m_b="0.000000" m_c="0.000000" m_d="1.000000" m_tx="-95.000000" m_ty="-246.000000"/>
  </frame>
  <frame idx="450" w="231" h="412" x="-18.500000" y="-184.500000">
   <element name="cucumber01" layername="timeline_0" frame="0" z_index="4" m_a="1.000000" m_b="0.000000" m_c="0.000000" m_d="1.000000" m_tx="-95.000000" m_ty="-246.000000"/>
  </frame>
  <frame idx="475" w="231" h="412" x="-18.500000" y="-184.500000">
   <element name="cucumber01" layername="timeline_0" frame="0" z_index="4" m_a="1.000000" m_b="0.000000" m_c="0.000000" m_d="1.000000" m_tx="-95.000000" m_ty="-246.000000"/>
  </frame>
  <frame idx="500" w="231" h="412" x="-18.500000" y="-184.500000">
   <element name="cucumber01" layername="timeline_0" frame="0" z_index="4" m_a="1.000000" m_b="0.000000" m_c="0.000000" m_d="1.000000" m_tx="-95.000000" m_ty="-246.000000"/>
  </frame>
  <frame idx="525" w="231" h="412" x="-18.500000" y="-184.500000">
   <element name="cucumber01" layername="timeline_0" frame="0" z_index="4" m_a="1.000000" m_b="0.000000" m_c="0.000000" m_d="1.000000" m_tx="-95.000000" m_ty="-246.000000"/>
  </frame>
  <frame idx="550" w="231" h="412" x="-18.500000" y="-184.500000">
   <element name="cucumber01" layername="timeline_0" frame="0" z_index="4" m_a="1.000000" m_b="0.000000" m_c="0.000000" m_d="1.000000" m_tx="-95.000000" m_ty="-246.000000"/>
  </frame>
  <frame idx="575" w="231" h="412" x="-18.500000" y="-184.500000">
   <element name="cucumber01" layername="timeline_0" frame="0" z_index="4" m_a="1.000000" m_b="0.000000" m_c="0.000000" m_d="1.000000" m_tx="-95.000000" m_ty="-246.000000"/>
  </frame>
  <frame idx="600" w="231" h="412" x="-18.500000" y="-184.500000">
   <element name="cucumber01" layername="timeline_0" frame="0" z_index="4" m_a="1.000000" m_b="0.000000" m_c="0.000000" m_d="1.000000" m_tx="-95.000000" m_ty="-246.000000"/>
  </frame>
  <frame idx="625" w="231" h="412" x="-18.500000" y="-184.500000">
   <element name="cucumber01" layername="timeline_0" frame="0" z_index="4" m_a="1.000000" m_b="0.000000" m_c="0.000000" m_d="1.000000" m_tx="-95.000000" m_ty="-246.000000"/>
  </frame>
  <frame idx="650" w="231" h="412" x="-18.500000" y="-184.500000">
   <element name="cucumber01" layername="timeline_0" frame="0" z_index="4" m_a="1.000000" m_b="0.000000" m_c="0.000000" m_d="1.000000" m_tx="-95.000000" m_ty="-246.000000"/>
  </frame>
  <frame idx="675" w="231" h="412" x="-18.500000" y="-184.500000">
   <element name="cucumber01" layername="timeline_0" frame="0" z_index="4" m_a="1.000000" m_b="0.000000" m_c="0.000000" m_d="1.000000" m_tx="-95.000000" m_ty="-246.000000"/>
  </frame>
  <frame idx="700" w="231" h="412" x="-18.500000" y="-184.500000">
   <element name="cucumber01" layername="timeline_0" frame="0" z_index="4" m_a="1.000000" m_b="0.000000" m_c="0.000000" m_d="1.000000" m_tx="-95.000000" m_ty="-246.000000"/>
  </frame>
  <frame idx="725" w="231" h="412" x="-18.500000" y="-184.500000">
   <element name="cucumber01" layername="timeline_0" frame="0" z_index="4" m_a="1.000000" m_b="0.000000" m_c="0.000000" m_d="1.000000" m_tx="-95.000000" m_ty="-246.000000"/>
  </frame>
  <frame idx="750" w="231" h="412" x="-18.500000" y="-184.500000">
   <element name="cucumber01" layername="timeline_0" frame="0" z_index="4" m_a="1.000000" m_b="0.000000" m_c="0.000000" m_d="1.000000" m_tx="-95.000000" m_ty="-246.000000"/>
  </frame>
  <frame idx="775" w="231" h="412" x="-18.500000" y="-184.500000">
   <element name="cucumber01" layername="timeline_0" frame="0" z_index="4" m_a="1.000000" m_b="0.000000" m_c="0.000000" m_d="1.000000" m_tx="-95.000000" m_ty="-246.000000"/>
  </frame>
  <frame idx="800" w="231" h="412" x="-18.500000" y="-184.500000">
   <element name="cucumber01" layername="timeline_0" frame="0" z_index="4" m_a="1.000000" m_b="0.000000" m_c="0.000000" m_d="1.000000" m_tx="-95.000000" m_ty="-246.000000"/>
  </frame>
  <frame idx="825" w="231" h="412" x="-18.500000" y="-184.500000">
   <element name="cucumber01" layername="timeline_0" frame="0" z_index="4" m_a="1.000000" m_b="0.000000" m_c="0.000000" m_d="1.000000" m_tx="-95.000000" m_ty="-246.000000"/>
  </frame>
  <frame idx="850" w="231" h="412" x="-18.500000" y="-184.500000">
   <element name="cucumber01" layername="timeline_0" frame="0" z_index="4" m_a="1.000000" m_b="0.000000" m_c="0.000000" m_d="1.000000" m_tx="-95.000000" m_ty="-246.000000"/>
  </frame>
  <frame idx="875" w="231" h="412" x="-18.500000" y="-184.500000">
   <element name="cucumber01" layername="timeline_0" frame="0" z_index="4" m_a="1.000000" m_b="0.000000" m_c="0.000000" m_d="1.000000" m_tx="-95.000000" m_ty="-246.000000"/>
  </frame>
  <frame idx="900" w="231" h="412" x="-18.500000" y="-184.500000">
   <element name="cucumber01" layername="timeline_0" frame="0" z_index="4" m_a="1.000000" m_b="0.000000" m_c="0.000000" m_d="1.000000" m_tx="-95.000000" m_ty="-246.000000"/>
  </frame>
  <frame idx="925" w="231" h="412" x="-18.500000" y="-184.500000">
   <element name="cucumber01" layername="timeline_0" frame="0" z_index="4" m_a="1.000000" m_b="0.000000" m_c="0.000000" m_d="1.000000" m_tx="-95.000000" m_ty="-246.000000"/>
  </frame>
  <frame idx="950" w="231" h="412" x="-18.500000" y="-184.500000">
   <element name="cucumber01" layername="timeline_0" frame="0" z_index="4" m_a="1.000000" m_b="0.000000" m_c="0.000000" m_d="1.000000" m_tx="-95.000000" m_ty="-246.000000"/>
  </frame>
  <frame idx="975" w="231" h="412" x="-18.500000" y="-184.500000">
   <element name="cucumber01" layername="timeline_0" frame="0" z_index="4" m_a="1.000000" m_b="0.000000" m_c="0.000000" m_d="1.000000" m_tx="-95.000000" m_ty="-246.000000"/>
  </frame>
 </anim>
</Anims>
