<Anims>
 <anim name="idle" root="egg_pickled" numframes="1000" framerate="40">
  <frame idx="0" w="278" h="351" x="-19.995506" y="-87.326218">
   <element name="pickled_food" layername="timeline_0" frame="0" z_index="9" m_a="0.900000" m_b="0.000000" m_c="0.000000" m_d="0.900000" m_tx="-111.695503" m_ty="-173.026215"/>
  </frame>
  <frame idx="25" w="278" h="351" x="-19.995506" y="-87.326218">
   <element name="pickled_food" layername="timeline_0" frame="0" z_index="9" m_a="0.900000" m_b="0.000000" m_c="0.000000" m_d="0.900000" m_tx="-111.695503" m_ty="-173.026215"/>
  </frame>
  <frame idx="50" w="278" h="351" x="-19.995506" y="-87.326218">
   <element name="pickled_food" layername="timeline_0" frame="0" z_index="9" m_a="0.900000" m_b="0.000000" m_c="0.000000" m_d="0.900000" m_tx="-111.695503" m_ty="-173.026215"/>
  </frame>
  <frame idx="75" w="278" h="351" x="-19.995506" y="-87.326218">
   <element name="pickled_food" layername="timeline_0" frame="0" z_index="9" m_a="0.900000" m_b="0.000000" m_c="0.000000" m_d="0.900000" m_tx="-111.695503" m_ty="-173.026215"/>
  </frame>
  <frame idx="100" w="278" h="351" x="-19.995506" y="-87.326218">
   <element name="pickled_food" layername="timeline_0" frame="0" z_index="9" m_a="0.900000" m_b="0.000000" m_c="0.000000" m_d="0.900000" m_tx="-111.695503" m_ty="-173.026215"/>
  </frame>
  <frame idx="125" w="278" h="351" x="-19.995506" y="-87.326218">
   <element name="pickled_food" layername="timeline_0" frame="0" z_index="9" m_a="0.900000" m_b="0.000000" m_c="0.000000" m_d="0.900000" m_tx="-111.695503" m_ty="-173.026215"/>
  </frame>
  <frame idx="150" w="278" h="351" x="-19.995506" y="-87.326218">
   <element name="pickled_food" layername="timeline_0" frame="0" z_index="9" m_a="0.900000" m_b="0.000000" m_c="0.000000" m_d="0.900000" m_tx="-111.695503" m_ty="-173.026215"/>
  </frame>
  <frame idx="175" w="278" h="351" x="-19.995506" y="-87.326218">
   <element name="pickled_food" layername="timeline_0" frame="0" z_index="9" m_a="0.900000" m_b="0.000000" m_c="0.000000" m_d="0.900000" m_tx="-111.695503" m_ty="-173.026215"/>
  </frame>
  <frame idx="200" w="278" h="351" x="-19.995506" y="-87.326218">
   <element name="pickled_food" layername="timeline_0" frame="0" z_index="9" m_a="0.900000" m_b="0.000000" m_c="0.000000" m_d="0.900000" m_tx="-111.695503" m_ty="-173.026215"/>
  </frame>
  <frame idx="225" w="278" h="351" x="-19.995506" y="-87.326218">
   <element name="pickled_food" layername="timeline_0" frame="0" z_index="9" m_a="0.900000" m_b="0.000000" m_c="0.000000" m_d="0.900000" m_tx="-111.695503" m_ty="-173.026215"/>
  </frame>
  <frame idx="250" w="278" h="351" x="-19.995506" y="-87.326218">
   <element name="pickled_food" layername="timeline_0" frame="0" z_index="9" m_a="0.900000" m_b="0.000000" m_c="0.000000" m_d="0.900000" m_tx="-111.695503" m_ty="-173.026215"/>
  </frame>
  <frame idx="275" w="278" h="351" x="-19.995506" y="-87.326218">
   <element name="pickled_food" layername="timeline_0" frame="0" z_index="9" m_a="0.900000" m_b="0.000000" m_c="0.000000" m_d="0.900000" m_tx="-111.695503" m_ty="-173.026215"/>
  </frame>
  <frame idx="300" w="278" h="351" x="-19.995506" y="-87.326218">
   <element name="pickled_food" layername="timeline_0" frame="0" z_index="9" m_a="0.900000" m_b="0.000000" m_c="0.000000" m_d="0.900000" m_tx="-111.695503" m_ty="-173.026215"/>
  </frame>
  <frame idx="325" w="278" h="351" x="-19.995506" y="-87.326218">
   <element name="pickled_food" layername="timeline_0" frame="0" z_index="9" m_a="0.900000" m_b="0.000000" m_c="0.000000" m_d="0.900000" m_tx="-111.695503" m_ty="-173.026215"/>
  </frame>
  <frame idx="350" w="278" h="351" x="-19.995506" y="-87.326218">
   <element name="pickled_food" layername="timeline_0" frame="0" z_index="9" m_a="0.900000" m_b="0.000000" m_c="0.000000" m_d="0.900000" m_tx="-111.695503" m_ty="-173.026215"/>
  </frame>
  <frame idx="375" w="278" h="351" x="-19.995506" y="-87.326218">
   <element name="pickled_food" layername="timeline_0" frame="0" z_index="9" m_a="0.900000" m_b="0.000000" m_c="0.000000" m_d="0.900000" m_tx="-111.695503" m_ty="-173.026215"/>
  </frame>
  <frame idx="400" w="278" h="351" x="-19.995506" y="-87.326218">
   <element name="pickled_food" layername="timeline_0" frame="0" z_index="9" m_a="0.900000" m_b="0.000000" m_c="0.000000" m_d="0.900000" m_tx="-111.695503" m_ty="-173.026215"/>
  </frame>
  <frame idx="425" w="278" h="351" x="-19.995506" y="-87.326218">
   <element name="pickled_food" layername="timeline_0" frame="0" z_index="9" m_a="0.900000" m_b="0.000000" m_c="0.000000" m_d="0.900000" m_tx="-111.695503" m_ty="-173.026215"/>
  </frame>
  <frame idx="450" w="278" h="351" x="-19.995506" y="-87.326218">
   <element name="pickled_food" layername="timeline_0" frame="0" z_index="9" m_a="0.900000" m_b="0.000000" m_c="0.000000" m_d="0.900000" m_tx="-111.695503" m_ty="-173.026215"/>
  </frame>
  <frame idx="475" w="278" h="351" x="-19.995506" y="-87.326218">
   <element name="pickled_food" layername="timeline_0" frame="0" z_index="9" m_a="0.900000" m_b="0.000000" m_c="0.000000" m_d="0.900000" m_tx="-111.695503" m_ty="-173.026215"/>
  </frame>
  <frame idx="500" w="278" h="351" x="-19.995506" y="-87.326218">
   <element name="pickled_food" layername="timeline_0" frame="0" z_index="9" m_a="0.900000" m_b="0.000000" m_c="0.000000" m_d="0.900000" m_tx="-111.695503" m_ty="-173.026215"/>
  </frame>
  <frame idx="525" w="278" h="351" x="-19.995506" y="-87.326218">
   <element name="pickled_food" layername="timeline_0" frame="0" z_index="9" m_a="0.900000" m_b="0.000000" m_c="0.000000" m_d="0.900000" m_tx="-111.695503" m_ty="-173.026215"/>
  </frame>
  <frame idx="550" w="278" h="351" x="-19.995506" y="-87.326218">
   <element name="pickled_food" layername="timeline_0" frame="0" z_index="9" m_a="0.900000" m_b="0.000000" m_c="0.000000" m_d="0.900000" m_tx="-111.695503" m_ty="-173.026215"/>
  </frame>
  <frame idx="575" w="278" h="351" x="-19.995506" y="-87.326218">
   <element name="pickled_food" layername="timeline_0" frame="0" z_index="9" m_a="0.900000" m_b="0.000000" m_c="0.000000" m_d="0.900000" m_tx="-111.695503" m_ty="-173.026215"/>
  </frame>
  <frame idx="600" w="278" h="351" x="-19.995506" y="-87.326218">
   <element name="pickled_food" layername="timeline_0" frame="0" z_index="9" m_a="0.900000" m_b="0.000000" m_c="0.000000" m_d="0.900000" m_tx="-111.695503" m_ty="-173.026215"/>
  </frame>
  <frame idx="625" w="278" h="351" x="-19.995506" y="-87.326218">
   <element name="pickled_food" layername="timeline_0" frame="0" z_index="9" m_a="0.900000" m_b="0.000000" m_c="0.000000" m_d="0.900000" m_tx="-111.695503" m_ty="-173.026215"/>
  </frame>
  <frame idx="650" w="278" h="351" x="-19.995506" y="-87.326218">
   <element name="pickled_food" layername="timeline_0" frame="0" z_index="9" m_a="0.900000" m_b="0.000000" m_c="0.000000" m_d="0.900000" m_tx="-111.695503" m_ty="-173.026215"/>
  </frame>
  <frame idx="675" w="278" h="351" x="-19.995506" y="-87.326218">
   <element name="pickled_food" layername="timeline_0" frame="0" z_index="9" m_a="0.900000" m_b="0.000000" m_c="0.000000" m_d="0.900000" m_tx="-111.695503" m_ty="-173.026215"/>
  </frame>
  <frame idx="700" w="278" h="351" x="-19.995506" y="-87.326218">
   <element name="pickled_food" layername="timeline_0" frame="0" z_index="9" m_a="0.900000" m_b="0.000000" m_c="0.000000" m_d="0.900000" m_tx="-111.695503" m_ty="-173.026215"/>
  </frame>
  <frame idx="725" w="278" h="351" x="-19.995506" y="-87.326218">
   <element name="pickled_food" layername="timeline_0" frame="0" z_index="9" m_a="0.900000" m_b="0.000000" m_c="0.000000" m_d="0.900000" m_tx="-111.695503" m_ty="-173.026215"/>
  </frame>
  <frame idx="750" w="278" h="351" x="-19.995506" y="-87.326218">
   <element name="pickled_food" layername="timeline_0" frame="0" z_index="9" m_a="0.900000" m_b="0.000000" m_c="0.000000" m_d="0.900000" m_tx="-111.695503" m_ty="-173.026215"/>
  </frame>
  <frame idx="775" w="278" h="351" x="-19.995506" y="-87.326218">
   <element name="pickled_food" layername="timeline_0" frame="0" z_index="9" m_a="0.900000" m_b="0.000000" m_c="0.000000" m_d="0.900000" m_tx="-111.695503" m_ty="-173.026215"/>
  </frame>
  <frame idx="800" w="278" h="351" x="-19.995506" y="-87.326218">
   <element name="pickled_food" layername="timeline_0" frame="0" z_index="9" m_a="0.900000" m_b="0.000000" m_c="0.000000" m_d="0.900000" m_tx="-111.695503" m_ty="-173.026215"/>
  </frame>
  <frame idx="825" w="278" h="351" x="-19.995506" y="-87.326218">
   <element name="pickled_food" layername="timeline_0" frame="0" z_index="9" m_a="0.900000" m_b="0.000000" m_c="0.000000" m_d="0.900000" m_tx="-111.695503" m_ty="-173.026215"/>
  </frame>
  <frame idx="850" w="278" h="351" x="-19.995506" y="-87.326218">
   <element name="pickled_food" layername="timeline_0" frame="0" z_index="9" m_a="0.900000" m_b="0.000000" m_c="0.000000" m_d="0.900000" m_tx="-111.695503" m_ty="-173.026215"/>
  </frame>
  <frame idx="875" w="278" h="351" x="-19.995506" y="-87.326218">
   <element name="pickled_food" layername="timeline_0" frame="0" z_index="9" m_a="0.900000" m_b="0.000000" m_c="0.000000" m_d="0.900000" m_tx="-111.695503" m_ty="-173.026215"/>
  </frame>
  <frame idx="900" w="278" h="351" x="-19.995506" y="-87.326218">
   <element name="pickled_food" layername="timeline_0" frame="0" z_index="9" m_a="0.900000" m_b="0.000000" m_c="0.000000" m_d="0.900000" m_tx="-111.695503" m_ty="-173.026215"/>
  </frame>
  <frame idx="925" w="278" h="351" x="-19.995506" y="-87.326218">
   <element name="pickled_food" layername="timeline_0" frame="0" z_index="9" m_a="0.900000" m_b="0.000000" m_c="0.000000" m_d="0.900000" m_tx="-111.695503" m_ty="-173.026215"/>
  </frame>
  <frame idx="950" w="278" h="351" x="-19.995506" y="-87.326218">
   <element name="pickled_food" layername="timeline_0" frame="0" z_index="9" m_a="0.900000" m_b="0.000000" m_c="0.000000" m_d="0.900000" m_tx="-111.695503" m_ty="-173.026215"/>
  </frame>
  <frame idx="975" w="278" h="351" x="-19.995506" y="-87.326218">
   <element name="pickled_food" layername="timeline_0" frame="0" z_index="9" m_a="0.900000" m_b="0.000000" m_c="0.000000" m_d="0.900000" m_tx="-111.695503" m_ty="-173.026215"/>
  </frame>
 </anim>
 <anim name="idle" root="cucumber_pickled" numframes="1000" framerate="40">
  <frame idx="0" w="308" h="364" x="-31.000000" y="-82.500000">
   <element name="pickled_food" layername="timeline_0" frame="1" z_index="9" m_a="1.000000" m_b="0.000000" m_c="0.000000" m_d="1.000000" m_tx="-133.000000" m_ty="-180.000000"/>
  </frame>
  <frame idx="25" w="308" h="364" x="-31.000000" y="-82.500000">
   <element name="pickled_food" layername="timeline_0" frame="1" z_index="9" m_a="1.000000" m_b="0.000000" m_c="0.000000" m_d="1.000000" m_tx="-133.000000" m_ty="-180.000000"/>
  </frame>
  <frame idx="50" w="308" h="364" x="-31.000000" y="-82.500000">
   <element name="pickled_food" layername="timeline_0" frame="1" z_index="9" m_a="1.000000" m_b="0.000000" m_c="0.000000" m_d="1.000000" m_tx="-133.000000" m_ty="-180.000000"/>
  </frame>
  <frame idx="75" w="308" h="364" x="-31.000000" y="-82.500000">
   <element name="pickled_food" layername="timeline_0" frame="1" z_index="9" m_a="1.000000" m_b="0.000000" m_c="0.000000" m_d="1.000000" m_tx="-133.000000" m_ty="-180.000000"/>
  </frame>
  <frame idx="100" w="308" h="364" x="-31.000000" y="-82.500000">
   <element name="pickled_food" layername="timeline_0" frame="1" z_index="9" m_a="1.000000" m_b="0.000000" m_c="0.000000" m_d="1.000000" m_tx="-133.000000" m_ty="-180.000000"/>
  </frame>
  <frame idx="125" w="308" h="364" x="-31.000000" y="-82.500000">
   <element name="pickled_food" layername="timeline_0" frame="1" z_index="9" m_a="1.000000" m_b="0.000000" m_c="0.000000" m_d="1.000000" m_tx="-133.000000" m_ty="-180.000000"/>
  </frame>
  <frame idx="150" w="308" h="364" x="-31.000000" y="-82.500000">
   <element name="pickled_food" layername="timeline_0" frame="1" z_index="9" m_a="1.000000" m_b="0.000000" m_c="0.000000" m_d="1.000000" m_tx="-133.000000" m_ty="-180.000000"/>
  </frame>
  <frame idx="175" w="308" h="364" x="-31.000000" y="-82.500000">
   <element name="pickled_food" layername="timeline_0" frame="1" z_index="9" m_a="1.000000" m_b="0.000000" m_c="0.000000" m_d="1.000000" m_tx="-133.000000" m_ty="-180.000000"/>
  </frame>
  <frame idx="200" w="308" h="364" x="-31.000000" y="-82.500000">
   <element name="pickled_food" layername="timeline_0" frame="1" z_index="9" m_a="1.000000" m_b="0.000000" m_c="0.000000" m_d="1.000000" m_tx="-133.000000" m_ty="-180.000000"/>
  </frame>
  <frame idx="225" w="308" h="364" x="-31.000000" y="-82.500000">
   <element name="pickled_food" layername="timeline_0" frame="1" z_index="9" m_a="1.000000" m_b="0.000000" m_c="0.000000" m_d="1.000000" m_tx="-133.000000" m_ty="-180.000000"/>
  </frame>
  <frame idx="250" w="308" h="364" x="-31.000000" y="-82.500000">
   <element name="pickled_food" layername="timeline_0" frame="1" z_index="9" m_a="1.000000" m_b="0.000000" m_c="0.000000" m_d="1.000000" m_tx="-133.000000" m_ty="-180.000000"/>
  </frame>
  <frame idx="275" w="308" h="364" x="-31.000000" y="-82.500000">
   <element name="pickled_food" layername="timeline_0" frame="1" z_index="9" m_a="1.000000" m_b="0.000000" m_c="0.000000" m_d="1.000000" m_tx="-133.000000" m_ty="-180.000000"/>
  </frame>
  <frame idx="300" w="308" h="364" x="-31.000000" y="-82.500000">
   <element name="pickled_food" layername="timeline_0" frame="1" z_index="9" m_a="1.000000" m_b="0.000000" m_c="0.000000" m_d="1.000000" m_tx="-133.000000" m_ty="-180.000000"/>
  </frame>
  <frame idx="325" w="308" h="364" x="-31.000000" y="-82.500000">
   <element name="pickled_food" layername="timeline_0" frame="1" z_index="9" m_a="1.000000" m_b="0.000000" m_c="0.000000" m_d="1.000000" m_tx="-133.000000" m_ty="-180.000000"/>
  </frame>
  <frame idx="350" w="308" h="364" x="-31.000000" y="-82.500000">
   <element name="pickled_food" layername="timeline_0" frame="1" z_index="9" m_a="1.000000" m_b="0.000000" m_c="0.000000" m_d="1.000000" m_tx="-133.000000" m_ty="-180.000000"/>
  </frame>
  <frame idx="375" w="308" h="364" x="-31.000000" y="-82.500000">
   <element name="pickled_food" layername="timeline_0" frame="1" z_index="9" m_a="1.000000" m_b="0.000000" m_c="0.000000" m_d="1.000000" m_tx="-133.000000" m_ty="-180.000000"/>
  </frame>
  <frame idx="400" w="308" h="364" x="-31.000000" y="-82.500000">
   <element name="pickled_food" layername="timeline_0" frame="1" z_index="9" m_a="1.000000" m_b="0.000000" m_c="0.000000" m_d="1.000000" m_tx="-133.000000" m_ty="-180.000000"/>
  </frame>
  <frame idx="425" w="308" h="364" x="-31.000000" y="-82.500000">
   <element name="pickled_food" layername="timeline_0" frame="1" z_index="9" m_a="1.000000" m_b="0.000000" m_c="0.000000" m_d="1.000000" m_tx="-133.000000" m_ty="-180.000000"/>
  </frame>
  <frame idx="450" w="308" h="364" x="-31.000000" y="-82.500000">
   <element name="pickled_food" layername="timeline_0" frame="1" z_index="9" m_a="1.000000" m_b="0.000000" m_c="0.000000" m_d="1.000000" m_tx="-133.000000" m_ty="-180.000000"/>
  </frame>
  <frame idx="475" w="308" h="364" x="-31.000000" y="-82.500000">
   <element name="pickled_food" layername="timeline_0" frame="1" z_index="9" m_a="1.000000" m_b="0.000000" m_c="0.000000" m_d="1.000000" m_tx="-133.000000" m_ty="-180.000000"/>
  </frame>
  <frame idx="500" w="308" h="364" x="-31.000000" y="-82.500000">
   <element name="pickled_food" layername="timeline_0" frame="1" z_index="9" m_a="1.000000" m_b="0.000000" m_c="0.000000" m_d="1.000000" m_tx="-133.000000" m_ty="-180.000000"/>
  </frame>
  <frame idx="525" w="308" h="364" x="-31.000000" y="-82.500000">
   <element name="pickled_food" layername="timeline_0" frame="1" z_index="9" m_a="1.000000" m_b="0.000000" m_c="0.000000" m_d="1.000000" m_tx="-133.000000" m_ty="-180.000000"/>
  </frame>
  <frame idx="550" w="308" h="364" x="-31.000000" y="-82.500000">
   <element name="pickled_food" layername="timeline_0" frame="1" z_index="9" m_a="1.000000" m_b="0.000000" m_c="0.000000" m_d="1.000000" m_tx="-133.000000" m_ty="-180.000000"/>
  </frame>
  <frame idx="575" w="308" h="364" x="-31.000000" y="-82.500000">
   <element name="pickled_food" layername="timeline_0" frame="1" z_index="9" m_a="1.000000" m_b="0.000000" m_c="0.000000" m_d="1.000000" m_tx="-133.000000" m_ty="-180.000000"/>
  </frame>
  <frame idx="600" w="308" h="364" x="-31.000000" y="-82.500000">
   <element name="pickled_food" layername="timeline_0" frame="1" z_index="9" m_a="1.000000" m_b="0.000000" m_c="0.000000" m_d="1.000000" m_tx="-133.000000" m_ty="-180.000000"/>
  </frame>
  <frame idx="625" w="308" h="364" x="-31.000000" y="-82.500000">
   <element name="pickled_food" layername="timeline_0" frame="1" z_index="9" m_a="1.000000" m_b="0.000000" m_c="0.000000" m_d="1.000000" m_tx="-133.000000" m_ty="-180.000000"/>
  </frame>
  <frame idx="650" w="308" h="364" x="-31.000000" y="-82.500000">
   <element name="pickled_food" layername="timeline_0" frame="1" z_index="9" m_a="1.000000" m_b="0.000000" m_c="0.000000" m_d="1.000000" m_tx="-133.000000" m_ty="-180.000000"/>
  </frame>
  <frame idx="675" w="308" h="364" x="-31.000000" y="-82.500000">
   <element name="pickled_food" layername="timeline_0" frame="1" z_index="9" m_a="1.000000" m_b="0.000000" m_c="0.000000" m_d="1.000000" m_tx="-133.000000" m_ty="-180.000000"/>
  </frame>
  <frame idx="700" w="308" h="364" x="-31.000000" y="-82.500000">
   <element name="pickled_food" layername="timeline_0" frame="1" z_index="9" m_a="1.000000" m_b="0.000000" m_c="0.000000" m_d="1.000000" m_tx="-133.000000" m_ty="-180.000000"/>
  </frame>
  <frame idx="725" w="308" h="364" x="-31.000000" y="-82.500000">
   <element name="pickled_food" layername="timeline_0" frame="1" z_index="9" m_a="1.000000" m_b="0.000000" m_c="0.000000" m_d="1.000000" m_tx="-133.000000" m_ty="-180.000000"/>
  </frame>
  <frame idx="750" w="308" h="364" x="-31.000000" y="-82.500000">
   <element name="pickled_food" layername="timeline_0" frame="1" z_index="9" m_a="1.000000" m_b="0.000000" m_c="0.000000" m_d="1.000000" m_tx="-133.000000" m_ty="-180.000000"/>
  </frame>
  <frame idx="775" w="308" h="364" x="-31.000000" y="-82.500000">
   <element name="pickled_food" layername="timeline_0" frame="1" z_index="9" m_a="1.000000" m_b="0.000000" m_c="0.000000" m_d="1.000000" m_tx="-133.000000" m_ty="-180.000000"/>
  </frame>
  <frame idx="800" w="308" h="364" x="-31.000000" y="-82.500000">
   <element name="pickled_food" layername="timeline_0" frame="1" z_index="9" m_a="1.000000" m_b="0.000000" m_c="0.000000" m_d="1.000000" m_tx="-133.000000" m_ty="-180.000000"/>
  </frame>
  <frame idx="825" w="308" h="364" x="-31.000000" y="-82.500000">
   <element name="pickled_food" layername="timeline_0" frame="1" z_index="9" m_a="1.000000" m_b="0.000000" m_c="0.000000" m_d="1.000000" m_tx="-133.000000" m_ty="-180.000000"/>
  </frame>
  <frame idx="850" w="308" h="364" x="-31.000000" y="-82.500000">
   <element name="pickled_food" layername="timeline_0" frame="1" z_index="9" m_a="1.000000" m_b="0.000000" m_c="0.000000" m_d="1.000000" m_tx="-133.000000" m_ty="-180.000000"/>
  </frame>
  <frame idx="875" w="308" h="364" x="-31.000000" y="-82.500000">
   <element name="pickled_food" layername="timeline_0" frame="1" z_index="9" m_a="1.000000" m_b="0.000000" m_c="0.000000" m_d="1.000000" m_tx="-133.000000" m_ty="-180.000000"/>
  </frame>
  <frame idx="900" w="308" h="364" x="-31.000000" y="-82.500000">
   <element name="pickled_food" layername="timeline_0" frame="1" z_index="9" m_a="1.000000" m_b="0.000000" m_c="0.000000" m_d="1.000000" m_tx="-133.000000" m_ty="-180.000000"/>
  </frame>
  <frame idx="925" w="308" h="364" x="-31.000000" y="-82.500000">
   <element name="pickled_food" layername="timeline_0" frame="1" z_index="9" m_a="1.000000" m_b="0.000000" m_c="0.000000" m_d="1.000000" m_tx="-133.000000" m_ty="-180.000000"/>
  </frame>
  <frame idx="950" w="308" h="364" x="-31.000000" y="-82.500000">
   <element name="pickled_food" layername="timeline_0" frame="1" z_index="9" m_a="1.000000" m_b="0.000000" m_c="0.000000" m_d="1.000000" m_tx="-133.000000" m_ty="-180.000000"/>
  </frame>
  <frame idx="975" w="308" h="364" x="-31.000000" y="-82.500000">
   <element name="pickled_food" layername="timeline_0" frame="1" z_index="9" m_a="1.000000" m_b="0.000000" m_c="0.000000" m_d="1.000000" m_tx="-133.000000" m_ty="-180.000000"/>
  </frame>
 </anim>
 <anim name="idle" root="fish_pickled" numframes="1000" framerate="40">
  <frame idx="0" w="308" h="375" x="-26.000000" y="-87.500000">
   <element name="pickled_food" layername="timeline_0" frame="2" z_index="9" m_a="1.000000" m_b="0.000000" m_c="0.000000" m_d="1.000000" m_tx="-128.000000" m_ty="-184.000000"/>
  </frame>
  <frame idx="25" w="308" h="375" x="-26.000000" y="-87.500000">
   <element name="pickled_food" layername="timeline_0" frame="2" z_index="9" m_a="1.000000" m_b="0.000000" m_c="0.000000" m_d="1.000000" m_tx="-128.000000" m_ty="-184.000000"/>
  </frame>
  <frame idx="50" w="308" h="375" x="-26.000000" y="-87.500000">
   <element name="pickled_food" layername="timeline_0" frame="2" z_index="9" m_a="1.000000" m_b="0.000000" m_c="0.000000" m_d="1.000000" m_tx="-128.000000" m_ty="-184.000000"/>
  </frame>
  <frame idx="75" w="308" h="375" x="-26.000000" y="-87.500000">
   <element name="pickled_food" layername="timeline_0" frame="2" z_index="9" m_a="1.000000" m_b="0.000000" m_c="0.000000" m_d="1.000000" m_tx="-128.000000" m_ty="-184.000000"/>
  </frame>
  <frame idx="100" w="308" h="375" x="-26.000000" y="-87.500000">
   <element name="pickled_food" layername="timeline_0" frame="2" z_index="9" m_a="1.000000" m_b="0.000000" m_c="0.000000" m_d="1.000000" m_tx="-128.000000" m_ty="-184.000000"/>
  </frame>
  <frame idx="125" w="308" h="375" x="-26.000000" y="-87.500000">
   <element name="pickled_food" layername="timeline_0" frame="2" z_index="9" m_a="1.000000" m_b="0.000000" m_c="0.000000" m_d="1.000000" m_tx="-128.000000" m_ty="-184.000000"/>
  </frame>
  <frame idx="150" w="308" h="375" x="-26.000000" y="-87.500000">
   <element name="pickled_food" layername="timeline_0" frame="2" z_index="9" m_a="1.000000" m_b="0.000000" m_c="0.000000" m_d="1.000000" m_tx="-128.000000" m_ty="-184.000000"/>
  </frame>
  <frame idx="175" w="308" h="375" x="-26.000000" y="-87.500000">
   <element name="pickled_food" layername="timeline_0" frame="2" z_index="9" m_a="1.000000" m_b="0.000000" m_c="0.000000" m_d="1.000000" m_tx="-128.000000" m_ty="-184.000000"/>
  </frame>
  <frame idx="200" w="308" h="375" x="-26.000000" y="-87.500000">
   <element name="pickled_food" layername="timeline_0" frame="2" z_index="9" m_a="1.000000" m_b="0.000000" m_c="0.000000" m_d="1.000000" m_tx="-128.000000" m_ty="-184.000000"/>
  </frame>
  <frame idx="225" w="308" h="375" x="-26.000000" y="-87.500000">
   <element name="pickled_food" layername="timeline_0" frame="2" z_index="9" m_a="1.000000" m_b="0.000000" m_c="0.000000" m_d="1.000000" m_tx="-128.000000" m_ty="-184.000000"/>
  </frame>
  <frame idx="250" w="308" h="375" x="-26.000000" y="-87.500000">
   <element name="pickled_food" layername="timeline_0" frame="2" z_index="9" m_a="1.000000" m_b="0.000000" m_c="0.000000" m_d="1.000000" m_tx="-128.000000" m_ty="-184.000000"/>
  </frame>
  <frame idx="275" w="308" h="375" x="-26.000000" y="-87.500000">
   <element name="pickled_food" layername="timeline_0" frame="2" z_index="9" m_a="1.000000" m_b="0.000000" m_c="0.000000" m_d="1.000000" m_tx="-128.000000" m_ty="-184.000000"/>
  </frame>
  <frame idx="300" w="308" h="375" x="-26.000000" y="-87.500000">
   <element name="pickled_food" layername="timeline_0" frame="2" z_index="9" m_a="1.000000" m_b="0.000000" m_c="0.000000" m_d="1.000000" m_tx="-128.000000" m_ty="-184.000000"/>
  </frame>
  <frame idx="325" w="308" h="375" x="-26.000000" y="-87.500000">
   <element name="pickled_food" layername="timeline_0" frame="2" z_index="9" m_a="1.000000" m_b="0.000000" m_c="0.000000" m_d="1.000000" m_tx="-128.000000" m_ty="-184.000000"/>
  </frame>
  <frame idx="350" w="308" h="375" x="-26.000000" y="-87.500000">
   <element name="pickled_food" layername="timeline_0" frame="2" z_index="9" m_a="1.000000" m_b="0.000000" m_c="0.000000" m_d="1.000000" m_tx="-128.000000" m_ty="-184.000000"/>
  </frame>
  <frame idx="375" w="308" h="375" x="-26.000000" y="-87.500000">
   <element name="pickled_food" layername="timeline_0" frame="2" z_index="9" m_a="1.000000" m_b="0.000000" m_c="0.000000" m_d="1.000000" m_tx="-128.000000" m_ty="-184.000000"/>
  </frame>
  <frame idx="400" w="308" h="375" x="-26.000000" y="-87.500000">
   <element name="pickled_food" layername="timeline_0" frame="2" z_index="9" m_a="1.000000" m_b="0.000000" m_c="0.000000" m_d="1.000000" m_tx="-128.000000" m_ty="-184.000000"/>
  </frame>
  <frame idx="425" w="308" h="375" x="-26.000000" y="-87.500000">
   <element name="pickled_food" layername="timeline_0" frame="2" z_index="9" m_a="1.000000" m_b="0.000000" m_c="0.000000" m_d="1.000000" m_tx="-128.000000" m_ty="-184.000000"/>
  </frame>
  <frame idx="450" w="308" h="375" x="-26.000000" y="-87.500000">
   <element name="pickled_food" layername="timeline_0" frame="2" z_index="9" m_a="1.000000" m_b="0.000000" m_c="0.000000" m_d="1.000000" m_tx="-128.000000" m_ty="-184.000000"/>
  </frame>
  <frame idx="475" w="308" h="375" x="-26.000000" y="-87.500000">
   <element name="pickled_food" layername="timeline_0" frame="2" z_index="9" m_a="1.000000" m_b="0.000000" m_c="0.000000" m_d="1.000000" m_tx="-128.000000" m_ty="-184.000000"/>
  </frame>
  <frame idx="500" w="308" h="375" x="-26.000000" y="-87.500000">
   <element name="pickled_food" layername="timeline_0" frame="2" z_index="9" m_a="1.000000" m_b="0.000000" m_c="0.000000" m_d="1.000000" m_tx="-128.000000" m_ty="-184.000000"/>
  </frame>
  <frame idx="525" w="308" h="375" x="-26.000000" y="-87.500000">
   <element name="pickled_food" layername="timeline_0" frame="2" z_index="9" m_a="1.000000" m_b="0.000000" m_c="0.000000" m_d="1.000000" m_tx="-128.000000" m_ty="-184.000000"/>
  </frame>
  <frame idx="550" w="308" h="375" x="-26.000000" y="-87.500000">
   <element name="pickled_food" layername="timeline_0" frame="2" z_index="9" m_a="1.000000" m_b="0.000000" m_c="0.000000" m_d="1.000000" m_tx="-128.000000" m_ty="-184.000000"/>
  </frame>
  <frame idx="575" w="308" h="375" x="-26.000000" y="-87.500000">
   <element name="pickled_food" layername="timeline_0" frame="2" z_index="9" m_a="1.000000" m_b="0.000000" m_c="0.000000" m_d="1.000000" m_tx="-128.000000" m_ty="-184.000000"/>
  </frame>
  <frame idx="600" w="308" h="375" x="-26.000000" y="-87.500000">
   <element name="pickled_food" layername="timeline_0" frame="2" z_index="9" m_a="1.000000" m_b="0.000000" m_c="0.000000" m_d="1.000000" m_tx="-128.000000" m_ty="-184.000000"/>
  </frame>
  <frame idx="625" w="308" h="375" x="-26.000000" y="-87.500000">
   <element name="pickled_food" layername="timeline_0" frame="2" z_index="9" m_a="1.000000" m_b="0.000000" m_c="0.000000" m_d="1.000000" m_tx="-128.000000" m_ty="-184.000000"/>
  </frame>
  <frame idx="650" w="308" h="375" x="-26.000000" y="-87.500000">
   <element name="pickled_food" layername="timeline_0" frame="2" z_index="9" m_a="1.000000" m_b="0.000000" m_c="0.000000" m_d="1.000000" m_tx="-128.000000" m_ty="-184.000000"/>
  </frame>
  <frame idx="675" w="308" h="375" x="-26.000000" y="-87.500000">
   <element name="pickled_food" layername="timeline_0" frame="2" z_index="9" m_a="1.000000" m_b="0.000000" m_c="0.000000" m_d="1.000000" m_tx="-128.000000" m_ty="-184.000000"/>
  </frame>
  <frame idx="700" w="308" h="375" x="-26.000000" y="-87.500000">
   <element name="pickled_food" layername="timeline_0" frame="2" z_index="9" m_a="1.000000" m_b="0.000000" m_c="0.000000" m_d="1.000000" m_tx="-128.000000" m_ty="-184.000000"/>
  </frame>
  <frame idx="725" w="308" h="375" x="-26.000000" y="-87.500000">
   <element name="pickled_food" layername="timeline_0" frame="2" z_index="9" m_a="1.000000" m_b="0.000000" m_c="0.000000" m_d="1.000000" m_tx="-128.000000" m_ty="-184.000000"/>
  </frame>
  <frame idx="750" w="308" h="375" x="-26.000000" y="-87.500000">
   <element name="pickled_food" layername="timeline_0" frame="2" z_index="9" m_a="1.000000" m_b="0.000000" m_c="0.000000" m_d="1.000000" m_tx="-128.000000" m_ty="-184.000000"/>
  </frame>
  <frame idx="775" w="308" h="375" x="-26.000000" y="-87.500000">
   <element name="pickled_food" layername="timeline_0" frame="2" z_index="9" m_a="1.000000" m_b="0.000000" m_c="0.000000" m_d="1.000000" m_tx="-128.000000" m_ty="-184.000000"/>
  </frame>
  <frame idx="800" w="308" h="375" x="-26.000000" y="-87.500000">
   <element name="pickled_food" layername="timeline_0" frame="2" z_index="9" m_a="1.000000" m_b="0.000000" m_c="0.000000" m_d="1.000000" m_tx="-128.000000" m_ty="-184.000000"/>
  </frame>
  <frame idx="825" w="308" h="375" x="-26.000000" y="-87.500000">
   <element name="pickled_food" layername="timeline_0" frame="2" z_index="9" m_a="1.000000" m_b="0.000000" m_c="0.000000" m_d="1.000000" m_tx="-128.000000" m_ty="-184.000000"/>
  </frame>
  <frame idx="850" w="308" h="375" x="-26.000000" y="-87.500000">
   <element name="pickled_food" layername="timeline_0" frame="2" z_index="9" m_a="1.000000" m_b="0.000000" m_c="0.000000" m_d="1.000000" m_tx="-128.000000" m_ty="-184.000000"/>
  </frame>
  <frame idx="875" w="308" h="375" x="-26.000000" y="-87.500000">
   <element name="pickled_food" layername="timeline_0" frame="2" z_index="9" m_a="1.000000" m_b="0.000000" m_c="0.000000" m_d="1.000000" m_tx="-128.000000" m_ty="-184.000000"/>
  </frame>
  <frame idx="900" w="308" h="375" x="-26.000000" y="-87.500000">
   <element name="pickled_food" layername="timeline_0" frame="2" z_index="9" m_a="1.000000" m_b="0.000000" m_c="0.000000" m_d="1.000000" m_tx="-128.000000" m_ty="-184.000000"/>
  </frame>
  <frame idx="925" w="308" h="375" x="-26.000000" y="-87.500000">
   <element name="pickled_food" layername="timeline_0" frame="2" z_index="9" m_a="1.000000" m_b="0.000000" m_c="0.000000" m_d="1.000000" m_tx="-128.000000" m_ty="-184.000000"/>
  </frame>
  <frame idx="950" w="308" h="375" x="-26.000000" y="-87.500000">
   <element name="pickled_food" layername="timeline_0" frame="2" z_index="9" m_a="1.000000" m_b="0.000000" m_c="0.000000" m_d="1.000000" m_tx="-128.000000" m_ty="-184.000000"/>
  </frame>
  <frame idx="975" w="308" h="375" x="-26.000000" y="-87.500000">
   <element name="pickled_food" layername="timeline_0" frame="2" z_index="9" m_a="1.000000" m_b="0.000000" m_c="0.000000" m_d="1.000000" m_tx="-128.000000" m_ty="-184.000000"/>
  </frame>
 </anim>
 <anim name="idle" root="cabbage_pickled" numframes="1000" framerate="40">
  <frame idx="0" w="308" h="415" x="-19.000000" y="-117.000000">
   <element name="pickled_food" layername="timeline_0" frame="3" z_index="9" m_a="1.000000" m_b="0.000000" m_c="0.000000" m_d="1.000000" m_tx="-121.000000" m_ty="-210.000000"/>
  </frame>
  <frame idx="25" w="308" h="415" x="-19.000000" y="-117.000000">
   <element name="pickled_food" layername="timeline_0" frame="3" z_index="9" m_a="1.000000" m_b="0.000000" m_c="0.000000" m_d="1.000000" m_tx="-121.000000" m_ty="-210.000000"/>
  </frame>
  <frame idx="50" w="308" h="415" x="-19.000000" y="-117.000000">
   <element name="pickled_food" layername="timeline_0" frame="3" z_index="9" m_a="1.000000" m_b="0.000000" m_c="0.000000" m_d="1.000000" m_tx="-121.000000" m_ty="-210.000000"/>
  </frame>
  <frame idx="75" w="308" h="415" x="-19.000000" y="-117.000000">
   <element name="pickled_food" layername="timeline_0" frame="3" z_index="9" m_a="1.000000" m_b="0.000000" m_c="0.000000" m_d="1.000000" m_tx="-121.000000" m_ty="-210.000000"/>
  </frame>
  <frame idx="100" w="308" h="415" x="-19.000000" y="-117.000000">
   <element name="pickled_food" layername="timeline_0" frame="3" z_index="9" m_a="1.000000" m_b="0.000000" m_c="0.000000" m_d="1.000000" m_tx="-121.000000" m_ty="-210.000000"/>
  </frame>
  <frame idx="125" w="308" h="415" x="-19.000000" y="-117.000000">
   <element name="pickled_food" layername="timeline_0" frame="3" z_index="9" m_a="1.000000" m_b="0.000000" m_c="0.000000" m_d="1.000000" m_tx="-121.000000" m_ty="-210.000000"/>
  </frame>
  <frame idx="150" w="308" h="415" x="-19.000000" y="-117.000000">
   <element name="pickled_food" layername="timeline_0" frame="3" z_index="9" m_a="1.000000" m_b="0.000000" m_c="0.000000" m_d="1.000000" m_tx="-121.000000" m_ty="-210.000000"/>
  </frame>
  <frame idx="175" w="308" h="415" x="-19.000000" y="-117.000000">
   <element name="pickled_food" layername="timeline_0" frame="3" z_index="9" m_a="1.000000" m_b="0.000000" m_c="0.000000" m_d="1.000000" m_tx="-121.000000" m_ty="-210.000000"/>
  </frame>
  <frame idx="200" w="308" h="415" x="-19.000000" y="-117.000000">
   <element name="pickled_food" layername="timeline_0" frame="3" z_index="9" m_a="1.000000" m_b="0.000000" m_c="0.000000" m_d="1.000000" m_tx="-121.000000" m_ty="-210.000000"/>
  </frame>
  <frame idx="225" w="308" h="415" x="-19.000000" y="-117.000000">
   <element name="pickled_food" layername="timeline_0" frame="3" z_index="9" m_a="1.000000" m_b="0.000000" m_c="0.000000" m_d="1.000000" m_tx="-121.000000" m_ty="-210.000000"/>
  </frame>
  <frame idx="250" w="308" h="415" x="-19.000000" y="-117.000000">
   <element name="pickled_food" layername="timeline_0" frame="3" z_index="9" m_a="1.000000" m_b="0.000000" m_c="0.000000" m_d="1.000000" m_tx="-121.000000" m_ty="-210.000000"/>
  </frame>
  <frame idx="275" w="308" h="415" x="-19.000000" y="-117.000000">
   <element name="pickled_food" layername="timeline_0" frame="3" z_index="9" m_a="1.000000" m_b="0.000000" m_c="0.000000" m_d="1.000000" m_tx="-121.000000" m_ty="-210.000000"/>
  </frame>
  <frame idx="300" w="308" h="415" x="-19.000000" y="-117.000000">
   <element name="pickled_food" layername="timeline_0" frame="3" z_index="9" m_a="1.000000" m_b="0.000000" m_c="0.000000" m_d="1.000000" m_tx="-121.000000" m_ty="-210.000000"/>
  </frame>
  <frame idx="325" w="308" h="415" x="-19.000000" y="-117.000000">
   <element name="pickled_food" layername="timeline_0" frame="3" z_index="9" m_a="1.000000" m_b="0.000000" m_c="0.000000" m_d="1.000000" m_tx="-121.000000" m_ty="-210.000000"/>
  </frame>
  <frame idx="350" w="308" h="415" x="-19.000000" y="-117.000000">
   <element name="pickled_food" layername="timeline_0" frame="3" z_index="9" m_a="1.000000" m_b="0.000000" m_c="0.000000" m_d="1.000000" m_tx="-121.000000" m_ty="-210.000000"/>
  </frame>
  <frame idx="375" w="308" h="415" x="-19.000000" y="-117.000000">
   <element name="pickled_food" layername="timeline_0" frame="3" z_index="9" m_a="1.000000" m_b="0.000000" m_c="0.000000" m_d="1.000000" m_tx="-121.000000" m_ty="-210.000000"/>
  </frame>
  <frame idx="400" w="308" h="415" x="-19.000000" y="-117.000000">
   <element name="pickled_food" layername="timeline_0" frame="3" z_index="9" m_a="1.000000" m_b="0.000000" m_c="0.000000" m_d="1.000000" m_tx="-121.000000" m_ty="-210.000000"/>
  </frame>
  <frame idx="425" w="308" h="415" x="-19.000000" y="-117.000000">
   <element name="pickled_food" layername="timeline_0" frame="3" z_index="9" m_a="1.000000" m_b="0.000000" m_c="0.000000" m_d="1.000000" m_tx="-121.000000" m_ty="-210.000000"/>
  </frame>
  <frame idx="450" w="308" h="415" x="-19.000000" y="-117.000000">
   <element name="pickled_food" layername="timeline_0" frame="3" z_index="9" m_a="1.000000" m_b="0.000000" m_c="0.000000" m_d="1.000000" m_tx="-121.000000" m_ty="-210.000000"/>
  </frame>
  <frame idx="475" w="308" h="415" x="-19.000000" y="-117.000000">
   <element name="pickled_food" layername="timeline_0" frame="3" z_index="9" m_a="1.000000" m_b="0.000000" m_c="0.000000" m_d="1.000000" m_tx="-121.000000" m_ty="-210.000000"/>
  </frame>
  <frame idx="500" w="308" h="415" x="-19.000000" y="-117.000000">
   <element name="pickled_food" layername="timeline_0" frame="3" z_index="9" m_a="1.000000" m_b="0.000000" m_c="0.000000" m_d="1.000000" m_tx="-121.000000" m_ty="-210.000000"/>
  </frame>
  <frame idx="525" w="308" h="415" x="-19.000000" y="-117.000000">
   <element name="pickled_food" layername="timeline_0" frame="3" z_index="9" m_a="1.000000" m_b="0.000000" m_c="0.000000" m_d="1.000000" m_tx="-121.000000" m_ty="-210.000000"/>
  </frame>
  <frame idx="550" w="308" h="415" x="-19.000000" y="-117.000000">
   <element name="pickled_food" layername="timeline_0" frame="3" z_index="9" m_a="1.000000" m_b="0.000000" m_c="0.000000" m_d="1.000000" m_tx="-121.000000" m_ty="-210.000000"/>
  </frame>
  <frame idx="575" w="308" h="415" x="-19.000000" y="-117.000000">
   <element name="pickled_food" layername="timeline_0" frame="3" z_index="9" m_a="1.000000" m_b="0.000000" m_c="0.000000" m_d="1.000000" m_tx="-121.000000" m_ty="-210.000000"/>
  </frame>
  <frame idx="600" w="308" h="415" x="-19.000000" y="-117.000000">
   <element name="pickled_food" layername="timeline_0" frame="3" z_index="9" m_a="1.000000" m_b="0.000000" m_c="0.000000" m_d="1.000000" m_tx="-121.000000" m_ty="-210.000000"/>
  </frame>
  <frame idx="625" w="308" h="415" x="-19.000000" y="-117.000000">
   <element name="pickled_food" layername="timeline_0" frame="3" z_index="9" m_a="1.000000" m_b="0.000000" m_c="0.000000" m_d="1.000000" m_tx="-121.000000" m_ty="-210.000000"/>
  </frame>
  <frame idx="650" w="308" h="415" x="-19.000000" y="-117.000000">
   <element name="pickled_food" layername="timeline_0" frame="3" z_index="9" m_a="1.000000" m_b="0.000000" m_c="0.000000" m_d="1.000000" m_tx="-121.000000" m_ty="-210.000000"/>
  </frame>
  <frame idx="675" w="308" h="415" x="-19.000000" y="-117.000000">
   <element name="pickled_food" layername="timeline_0" frame="3" z_index="9" m_a="1.000000" m_b="0.000000" m_c="0.000000" m_d="1.000000" m_tx="-121.000000" m_ty="-210.000000"/>
  </frame>
  <frame idx="700" w="308" h="415" x="-19.000000" y="-117.000000">
   <element name="pickled_food" layername="timeline_0" frame="3" z_index="9" m_a="1.000000" m_b="0.000000" m_c="0.000000" m_d="1.000000" m_tx="-121.000000" m_ty="-210.000000"/>
  </frame>
  <frame idx="725" w="308" h="415" x="-19.000000" y="-117.000000">
   <element name="pickled_food" layername="timeline_0" frame="3" z_index="9" m_a="1.000000" m_b="0.000000" m_c="0.000000" m_d="1.000000" m_tx="-121.000000" m_ty="-210.000000"/>
  </frame>
  <frame idx="750" w="308" h="415" x="-19.000000" y="-117.000000">
   <element name="pickled_food" layername="timeline_0" frame="3" z_index="9" m_a="1.000000" m_b="0.000000" m_c="0.000000" m_d="1.000000" m_tx="-121.000000" m_ty="-210.000000"/>
  </frame>
  <frame idx="775" w="308" h="415" x="-19.000000" y="-117.000000">
   <element name="pickled_food" layername="timeline_0" frame="3" z_index="9" m_a="1.000000" m_b="0.000000" m_c="0.000000" m_d="1.000000" m_tx="-121.000000" m_ty="-210.000000"/>
  </frame>
  <frame idx="800" w="308" h="415" x="-19.000000" y="-117.000000">
   <element name="pickled_food" layername="timeline_0" frame="3" z_index="9" m_a="1.000000" m_b="0.000000" m_c="0.000000" m_d="1.000000" m_tx="-121.000000" m_ty="-210.000000"/>
  </frame>
  <frame idx="825" w="308" h="415" x="-19.000000" y="-117.000000">
   <element name="pickled_food" layername="timeline_0" frame="3" z_index="9" m_a="1.000000" m_b="0.000000" m_c="0.000000" m_d="1.000000" m_tx="-121.000000" m_ty="-210.000000"/>
  </frame>
  <frame idx="850" w="308" h="415" x="-19.000000" y="-117.000000">
   <element name="pickled_food" layername="timeline_0" frame="3" z_index="9" m_a="1.000000" m_b="0.000000" m_c="0.000000" m_d="1.000000" m_tx="-121.000000" m_ty="-210.000000"/>
  </frame>
  <frame idx="875" w="308" h="415" x="-19.000000" y="-117.000000">
   <element name="pickled_food" layername="timeline_0" frame="3" z_index="9" m_a="1.000000" m_b="0.000000" m_c="0.000000" m_d="1.000000" m_tx="-121.000000" m_ty="-210.000000"/>
  </frame>
  <frame idx="900" w="308" h="415" x="-19.000000" y="-117.000000">
   <element name="pickled_food" layername="timeline_0" frame="3" z_index="9" m_a="1.000000" m_b="0.000000" m_c="0.000000" m_d="1.000000" m_tx="-121.000000" m_ty="-210.000000"/>
  </frame>
  <frame idx="925" w="308" h="415" x="-19.000000" y="-117.000000">
   <element name="pickled_food" layername="timeline_0" frame="3" z_index="9" m_a="1.000000" m_b="0.000000" m_c="0.000000" m_d="1.000000" m_tx="-121.000000" m_ty="-210.000000"/>
  </frame>
  <frame idx="950" w="308" h="415" x="-19.000000" y="-117.000000">
   <element name="pickled_food" layername="timeline_0" frame="3" z_index="9" m_a="1.000000" m_b="0.000000" m_c="0.000000" m_d="1.000000" m_tx="-121.000000" m_ty="-210.000000"/>
  </frame>
  <frame idx="975" w="308" h="415" x="-19.000000" y="-117.000000">
   <element name="pickled_food" layername="timeline_0" frame="3" z_index="9" m_a="1.000000" m_b="0.000000" m_c="0.000000" m_d="1.000000" m_tx="-121.000000" m_ty="-210.000000"/>
  </frame>
 </anim>
 <anim name="idle" root="carrot_pickled" numframes="1000" framerate="40">
  <frame idx="0" w="308" h="357" x="-22.999908" y="-67.000122">
   <element name="pickled_food" layername="timeline_0" frame="4" z_index="9" m_a="1.000000" m_b="0.000000" m_c="0.000000" m_d="1.000000" m_tx="-124.999908" m_ty="-165.000122"/>
  </frame>
  <frame idx="25" w="308" h="357" x="-22.999908" y="-67.000122">
   <element name="pickled_food" layername="timeline_0" frame="4" z_index="9" m_a="1.000000" m_b="0.000000" m_c="0.000000" m_d="1.000000" m_tx="-124.999908" m_ty="-165.000122"/>
  </frame>
  <frame idx="50" w="308" h="357" x="-22.999908" y="-67.000122">
   <element name="pickled_food" layername="timeline_0" frame="4" z_index="9" m_a="1.000000" m_b="0.000000" m_c="0.000000" m_d="1.000000" m_tx="-124.999908" m_ty="-165.000122"/>
  </frame>
  <frame idx="75" w="308" h="357" x="-22.999908" y="-67.000122">
   <element name="pickled_food" layername="timeline_0" frame="4" z_index="9" m_a="1.000000" m_b="0.000000" m_c="0.000000" m_d="1.000000" m_tx="-124.999908" m_ty="-165.000122"/>
  </frame>
  <frame idx="100" w="308" h="357" x="-22.999908" y="-67.000122">
   <element name="pickled_food" layername="timeline_0" frame="4" z_index="9" m_a="1.000000" m_b="0.000000" m_c="0.000000" m_d="1.000000" m_tx="-124.999908" m_ty="-165.000122"/>
  </frame>
  <frame idx="125" w="308" h="357" x="-22.999908" y="-67.000122">
   <element name="pickled_food" layername="timeline_0" frame="4" z_index="9" m_a="1.000000" m_b="0.000000" m_c="0.000000" m_d="1.000000" m_tx="-124.999908" m_ty="-165.000122"/>
  </frame>
  <frame idx="150" w="308" h="357" x="-22.999908" y="-67.000122">
   <element name="pickled_food" layername="timeline_0" frame="4" z_index="9" m_a="1.000000" m_b="0.000000" m_c="0.000000" m_d="1.000000" m_tx="-124.999908" m_ty="-165.000122"/>
  </frame>
  <frame idx="175" w="308" h="357" x="-22.999908" y="-67.000122">
   <element name="pickled_food" layername="timeline_0" frame="4" z_index="9" m_a="1.000000" m_b="0.000000" m_c="0.000000" m_d="1.000000" m_tx="-124.999908" m_ty="-165.000122"/>
  </frame>
  <frame idx="200" w="308" h="357" x="-22.999908" y="-67.000122">
   <element name="pickled_food" layername="timeline_0" frame="4" z_index="9" m_a="1.000000" m_b="0.000000" m_c="0.000000" m_d="1.000000" m_tx="-124.999908" m_ty="-165.000122"/>
  </frame>
  <frame idx="225" w="308" h="357" x="-22.999908" y="-67.000122">
   <element name="pickled_food" layername="timeline_0" frame="4" z_index="9" m_a="1.000000" m_b="0.000000" m_c="0.000000" m_d="1.000000" m_tx="-124.999908" m_ty="-165.000122"/>
  </frame>
  <frame idx="250" w="308" h="357" x="-22.999908" y="-67.000122">
   <element name="pickled_food" layername="timeline_0" frame="4" z_index="9" m_a="1.000000" m_b="0.000000" m_c="0.000000" m_d="1.000000" m_tx="-124.999908" m_ty="-165.000122"/>
  </frame>
  <frame idx="275" w="308" h="357" x="-22.999908" y="-67.000122">
   <element name="pickled_food" layername="timeline_0" frame="4" z_index="9" m_a="1.000000" m_b="0.000000" m_c="0.000000" m_d="1.000000" m_tx="-124.999908" m_ty="-165.000122"/>
  </frame>
  <frame idx="300" w="308" h="357" x="-22.999908" y="-67.000122">
   <element name="pickled_food" layername="timeline_0" frame="4" z_index="9" m_a="1.000000" m_b="0.000000" m_c="0.000000" m_d="1.000000" m_tx="-124.999908" m_ty="-165.000122"/>
  </frame>
  <frame idx="325" w="308" h="357" x="-22.999908" y="-67.000122">
   <element name="pickled_food" layername="timeline_0" frame="4" z_index="9" m_a="1.000000" m_b="0.000000" m_c="0.000000" m_d="1.000000" m_tx="-124.999908" m_ty="-165.000122"/>
  </frame>
  <frame idx="350" w="308" h="357" x="-22.999908" y="-67.000122">
   <element name="pickled_food" layername="timeline_0" frame="4" z_index="9" m_a="1.000000" m_b="0.000000" m_c="0.000000" m_d="1.000000" m_tx="-124.999908" m_ty="-165.000122"/>
  </frame>
  <frame idx="375" w="308" h="357" x="-22.999908" y="-67.000122">
   <element name="pickled_food" layername="timeline_0" frame="4" z_index="9" m_a="1.000000" m_b="0.000000" m_c="0.000000" m_d="1.000000" m_tx="-124.999908" m_ty="-165.000122"/>
  </frame>
  <frame idx="400" w="308" h="357" x="-22.999908" y="-67.000122">
   <element name="pickled_food" layername="timeline_0" frame="4" z_index="9" m_a="1.000000" m_b="0.000000" m_c="0.000000" m_d="1.000000" m_tx="-124.999908" m_ty="-165.000122"/>
  </frame>
  <frame idx="425" w="308" h="357" x="-22.999908" y="-67.000122">
   <element name="pickled_food" layername="timeline_0" frame="4" z_index="9" m_a="1.000000" m_b="0.000000" m_c="0.000000" m_d="1.000000" m_tx="-124.999908" m_ty="-165.000122"/>
  </frame>
  <frame idx="450" w="308" h="357" x="-22.999908" y="-67.000122">
   <element name="pickled_food" layername="timeline_0" frame="4" z_index="9" m_a="1.000000" m_b="0.000000" m_c="0.000000" m_d="1.000000" m_tx="-124.999908" m_ty="-165.000122"/>
  </frame>
  <frame idx="475" w="308" h="357" x="-22.999908" y="-67.000122">
   <element name="pickled_food" layername="timeline_0" frame="4" z_index="9" m_a="1.000000" m_b="0.000000" m_c="0.000000" m_d="1.000000" m_tx="-124.999908" m_ty="-165.000122"/>
  </frame>
  <frame idx="500" w="308" h="357" x="-22.999908" y="-67.000122">
   <element name="pickled_food" layername="timeline_0" frame="4" z_index="9" m_a="1.000000" m_b="0.000000" m_c="0.000000" m_d="1.000000" m_tx="-124.999908" m_ty="-165.000122"/>
  </frame>
  <frame idx="525" w="308" h="357" x="-22.999908" y="-67.000122">
   <element name="pickled_food" layername="timeline_0" frame="4" z_index="9" m_a="1.000000" m_b="0.000000" m_c="0.000000" m_d="1.000000" m_tx="-124.999908" m_ty="-165.000122"/>
  </frame>
  <frame idx="550" w="308" h="357" x="-22.999908" y="-67.000122">
   <element name="pickled_food" layername="timeline_0" frame="4" z_index="9" m_a="1.000000" m_b="0.000000" m_c="0.000000" m_d="1.000000" m_tx="-124.999908" m_ty="-165.000122"/>
  </frame>
  <frame idx="575" w="308" h="357" x="-22.999908" y="-67.000122">
   <element name="pickled_food" layername="timeline_0" frame="4" z_index="9" m_a="1.000000" m_b="0.000000" m_c="0.000000" m_d="1.000000" m_tx="-124.999908" m_ty="-165.000122"/>
  </frame>
  <frame idx="600" w="308" h="357" x="-22.999908" y="-67.000122">
   <element name="pickled_food" layername="timeline_0" frame="4" z_index="9" m_a="1.000000" m_b="0.000000" m_c="0.000000" m_d="1.000000" m_tx="-124.999908" m_ty="-165.000122"/>
  </frame>
  <frame idx="625" w="308" h="357" x="-22.999908" y="-67.000122">
   <element name="pickled_food" layername="timeline_0" frame="4" z_index="9" m_a="1.000000" m_b="0.000000" m_c="0.000000" m_d="1.000000" m_tx="-124.999908" m_ty="-165.000122"/>
  </frame>
  <frame idx="650" w="308" h="357" x="-22.999908" y="-67.000122">
   <element name="pickled_food" layername="timeline_0" frame="4" z_index="9" m_a="1.000000" m_b="0.000000" m_c="0.000000" m_d="1.000000" m_tx="-124.999908" m_ty="-165.000122"/>
  </frame>
  <frame idx="675" w="308" h="357" x="-22.999908" y="-67.000122">
   <element name="pickled_food" layername="timeline_0" frame="4" z_index="9" m_a="1.000000" m_b="0.000000" m_c="0.000000" m_d="1.000000" m_tx="-124.999908" m_ty="-165.000122"/>
  </frame>
  <frame idx="700" w="308" h="357" x="-22.999908" y="-67.000122">
   <element name="pickled_food" layername="timeline_0" frame="4" z_index="9" m_a="1.000000" m_b="0.000000" m_c="0.000000" m_d="1.000000" m_tx="-124.999908" m_ty="-165.000122"/>
  </frame>
  <frame idx="725" w="308" h="357" x="-22.999908" y="-67.000122">
   <element name="pickled_food" layername="timeline_0" frame="4" z_index="9" m_a="1.000000" m_b="0.000000" m_c="0.000000" m_d="1.000000" m_tx="-124.999908" m_ty="-165.000122"/>
  </frame>
  <frame idx="750" w="308" h="357" x="-22.999908" y="-67.000122">
   <element name="pickled_food" layername="timeline_0" frame="4" z_index="9" m_a="1.000000" m_b="0.000000" m_c="0.000000" m_d="1.000000" m_tx="-124.999908" m_ty="-165.000122"/>
  </frame>
  <frame idx="775" w="308" h="357" x="-22.999908" y="-67.000122">
   <element name="pickled_food" layername="timeline_0" frame="4" z_index="9" m_a="1.000000" m_b="0.000000" m_c="0.000000" m_d="1.000000" m_tx="-124.999908" m_ty="-165.000122"/>
  </frame>
  <frame idx="800" w="308" h="357" x="-22.999908" y="-67.000122">
   <element name="pickled_food" layername="timeline_0" frame="4" z_index="9" m_a="1.000000" m_b="0.000000" m_c="0.000000" m_d="1.000000" m_tx="-124.999908" m_ty="-165.000122"/>
  </frame>
  <frame idx="825" w="308" h="357" x="-22.999908" y="-67.000122">
   <element name="pickled_food" layername="timeline_0" frame="4" z_index="9" m_a="1.000000" m_b="0.000000" m_c="0.000000" m_d="1.000000" m_tx="-124.999908" m_ty="-165.000122"/>
  </frame>
  <frame idx="850" w="308" h="357" x="-22.999908" y="-67.000122">
   <element name="pickled_food" layername="timeline_0" frame="4" z_index="9" m_a="1.000000" m_b="0.000000" m_c="0.000000" m_d="1.000000" m_tx="-124.999908" m_ty="-165.000122"/>
  </frame>
  <frame idx="875" w="308" h="357" x="-22.999908" y="-67.000122">
   <element name="pickled_food" layername="timeline_0" frame="4" z_index="9" m_a="1.000000" m_b="0.000000" m_c="0.000000" m_d="1.000000" m_tx="-124.999908" m_ty="-165.000122"/>
  </frame>
  <frame idx="900" w="308" h="357" x="-22.999908" y="-67.000122">
   <element name="pickled_food" layername="timeline_0" frame="4" z_index="9" m_a="1.000000" m_b="0.000000" m_c="0.000000" m_d="1.000000" m_tx="-124.999908" m_ty="-165.000122"/>
  </frame>
  <frame idx="925" w="308" h="357" x="-22.999908" y="-67.000122">
   <element name="pickled_food" layername="timeline_0" frame="4" z_index="9" m_a="1.000000" m_b="0.000000" m_c="0.000000" m_d="1.000000" m_tx="-124.999908" m_ty="-165.000122"/>
  </frame>
  <frame idx="950" w="308" h="357" x="-22.999908" y="-67.000122">
   <element name="pickled_food" layername="timeline_0" frame="4" z_index="9" m_a="1.000000" m_b="0.000000" m_c="0.000000" m_d="1.000000" m_tx="-124.999908" m_ty="-165.000122"/>
  </frame>
  <frame idx="975" w="308" h="357" x="-22.999908" y="-67.000122">
   <element name="pickled_food" layername="timeline_0" frame="4" z_index="9" m_a="1.000000" m_b="0.000000" m_c="0.000000" m_d="1.000000" m_tx="-124.999908" m_ty="-165.000122"/>
  </frame>
 </anim>
 <anim name="idle" root="mushroom_pickled" numframes="1000" framerate="40">
  <frame idx="0" w="308" h="350" x="-24.000000" y="-62.500000">
   <element name="pickled_food" layername="timeline_0" frame="5" z_index="9" m_a="1.000000" m_b="0.000000" m_c="0.000000" m_d="1.000000" m_tx="-126.000000" m_ty="-161.000000"/>
  </frame>
  <frame idx="25" w="308" h="350" x="-24.000000" y="-62.500000">
   <element name="pickled_food" layername="timeline_0" frame="5" z_index="9" m_a="1.000000" m_b="0.000000" m_c="0.000000" m_d="1.000000" m_tx="-126.000000" m_ty="-161.000000"/>
  </frame>
  <frame idx="50" w="308" h="350" x="-24.000000" y="-62.500000">
   <element name="pickled_food" layername="timeline_0" frame="5" z_index="9" m_a="1.000000" m_b="0.000000" m_c="0.000000" m_d="1.000000" m_tx="-126.000000" m_ty="-161.000000"/>
  </frame>
  <frame idx="75" w="308" h="350" x="-24.000000" y="-62.500000">
   <element name="pickled_food" layername="timeline_0" frame="5" z_index="9" m_a="1.000000" m_b="0.000000" m_c="0.000000" m_d="1.000000" m_tx="-126.000000" m_ty="-161.000000"/>
  </frame>
  <frame idx="100" w="308" h="350" x="-24.000000" y="-62.500000">
   <element name="pickled_food" layername="timeline_0" frame="5" z_index="9" m_a="1.000000" m_b="0.000000" m_c="0.000000" m_d="1.000000" m_tx="-126.000000" m_ty="-161.000000"/>
  </frame>
  <frame idx="125" w="308" h="350" x="-24.000000" y="-62.500000">
   <element name="pickled_food" layername="timeline_0" frame="5" z_index="9" m_a="1.000000" m_b="0.000000" m_c="0.000000" m_d="1.000000" m_tx="-126.000000" m_ty="-161.000000"/>
  </frame>
  <frame idx="150" w="308" h="350" x="-24.000000" y="-62.500000">
   <element name="pickled_food" layername="timeline_0" frame="5" z_index="9" m_a="1.000000" m_b="0.000000" m_c="0.000000" m_d="1.000000" m_tx="-126.000000" m_ty="-161.000000"/>
  </frame>
  <frame idx="175" w="308" h="350" x="-24.000000" y="-62.500000">
   <element name="pickled_food" layername="timeline_0" frame="5" z_index="9" m_a="1.000000" m_b="0.000000" m_c="0.000000" m_d="1.000000" m_tx="-126.000000" m_ty="-161.000000"/>
  </frame>
  <frame idx="200" w="308" h="350" x="-24.000000" y="-62.500000">
   <element name="pickled_food" layername="timeline_0" frame="5" z_index="9" m_a="1.000000" m_b="0.000000" m_c="0.000000" m_d="1.000000" m_tx="-126.000000" m_ty="-161.000000"/>
  </frame>
  <frame idx="225" w="308" h="350" x="-24.000000" y="-62.500000">
   <element name="pickled_food" layername="timeline_0" frame="5" z_index="9" m_a="1.000000" m_b="0.000000" m_c="0.000000" m_d="1.000000" m_tx="-126.000000" m_ty="-161.000000"/>
  </frame>
  <frame idx="250" w="308" h="350" x="-24.000000" y="-62.500000">
   <element name="pickled_food" layername="timeline_0" frame="5" z_index="9" m_a="1.000000" m_b="0.000000" m_c="0.000000" m_d="1.000000" m_tx="-126.000000" m_ty="-161.000000"/>
  </frame>
  <frame idx="275" w="308" h="350" x="-24.000000" y="-62.500000">
   <element name="pickled_food" layername="timeline_0" frame="5" z_index="9" m_a="1.000000" m_b="0.000000" m_c="0.000000" m_d="1.000000" m_tx="-126.000000" m_ty="-161.000000"/>
  </frame>
  <frame idx="300" w="308" h="350" x="-24.000000" y="-62.500000">
   <element name="pickled_food" layername="timeline_0" frame="5" z_index="9" m_a="1.000000" m_b="0.000000" m_c="0.000000" m_d="1.000000" m_tx="-126.000000" m_ty="-161.000000"/>
  </frame>
  <frame idx="325" w="308" h="350" x="-24.000000" y="-62.500000">
   <element name="pickled_food" layername="timeline_0" frame="5" z_index="9" m_a="1.000000" m_b="0.000000" m_c="0.000000" m_d="1.000000" m_tx="-126.000000" m_ty="-161.000000"/>
  </frame>
  <frame idx="350" w="308" h="350" x="-24.000000" y="-62.500000">
   <element name="pickled_food" layername="timeline_0" frame="5" z_index="9" m_a="1.000000" m_b="0.000000" m_c="0.000000" m_d="1.000000" m_tx="-126.000000" m_ty="-161.000000"/>
  </frame>
  <frame idx="375" w="308" h="350" x="-24.000000" y="-62.500000">
   <element name="pickled_food" layername="timeline_0" frame="5" z_index="9" m_a="1.000000" m_b="0.000000" m_c="0.000000" m_d="1.000000" m_tx="-126.000000" m_ty="-161.000000"/>
  </frame>
  <frame idx="400" w="308" h="350" x="-24.000000" y="-62.500000">
   <element name="pickled_food" layername="timeline_0" frame="5" z_index="9" m_a="1.000000" m_b="0.000000" m_c="0.000000" m_d="1.000000" m_tx="-126.000000" m_ty="-161.000000"/>
  </frame>
  <frame idx="425" w="308" h="350" x="-24.000000" y="-62.500000">
   <element name="pickled_food" layername="timeline_0" frame="5" z_index="9" m_a="1.000000" m_b="0.000000" m_c="0.000000" m_d="1.000000" m_tx="-126.000000" m_ty="-161.000000"/>
  </frame>
  <frame idx="450" w="308" h="350" x="-24.000000" y="-62.500000">
   <element name="pickled_food" layername="timeline_0" frame="5" z_index="9" m_a="1.000000" m_b="0.000000" m_c="0.000000" m_d="1.000000" m_tx="-126.000000" m_ty="-161.000000"/>
  </frame>
  <frame idx="475" w="308" h="350" x="-24.000000" y="-62.500000">
   <element name="pickled_food" layername="timeline_0" frame="5" z_index="9" m_a="1.000000" m_b="0.000000" m_c="0.000000" m_d="1.000000" m_tx="-126.000000" m_ty="-161.000000"/>
  </frame>
  <frame idx="500" w="308" h="350" x="-24.000000" y="-62.500000">
   <element name="pickled_food" layername="timeline_0" frame="5" z_index="9" m_a="1.000000" m_b="0.000000" m_c="0.000000" m_d="1.000000" m_tx="-126.000000" m_ty="-161.000000"/>
  </frame>
  <frame idx="525" w="308" h="350" x="-24.000000" y="-62.500000">
   <element name="pickled_food" layername="timeline_0" frame="5" z_index="9" m_a="1.000000" m_b="0.000000" m_c="0.000000" m_d="1.000000" m_tx="-126.000000" m_ty="-161.000000"/>
  </frame>
  <frame idx="550" w="308" h="350" x="-24.000000" y="-62.500000">
   <element name="pickled_food" layername="timeline_0" frame="5" z_index="9" m_a="1.000000" m_b="0.000000" m_c="0.000000" m_d="1.000000" m_tx="-126.000000" m_ty="-161.000000"/>
  </frame>
  <frame idx="575" w="308" h="350" x="-24.000000" y="-62.500000">
   <element name="pickled_food" layername="timeline_0" frame="5" z_index="9" m_a="1.000000" m_b="0.000000" m_c="0.000000" m_d="1.000000" m_tx="-126.000000" m_ty="-161.000000"/>
  </frame>
  <frame idx="600" w="308" h="350" x="-24.000000" y="-62.500000">
   <element name="pickled_food" layername="timeline_0" frame="5" z_index="9" m_a="1.000000" m_b="0.000000" m_c="0.000000" m_d="1.000000" m_tx="-126.000000" m_ty="-161.000000"/>
  </frame>
  <frame idx="625" w="308" h="350" x="-24.000000" y="-62.500000">
   <element name="pickled_food" layername="timeline_0" frame="5" z_index="9" m_a="1.000000" m_b="0.000000" m_c="0.000000" m_d="1.000000" m_tx="-126.000000" m_ty="-161.000000"/>
  </frame>
  <frame idx="650" w="308" h="350" x="-24.000000" y="-62.500000">
   <element name="pickled_food" layername="timeline_0" frame="5" z_index="9" m_a="1.000000" m_b="0.000000" m_c="0.000000" m_d="1.000000" m_tx="-126.000000" m_ty="-161.000000"/>
  </frame>
  <frame idx="675" w="308" h="350" x="-24.000000" y="-62.500000">
   <element name="pickled_food" layername="timeline_0" frame="5" z_index="9" m_a="1.000000" m_b="0.000000" m_c="0.000000" m_d="1.000000" m_tx="-126.000000" m_ty="-161.000000"/>
  </frame>
  <frame idx="700" w="308" h="350" x="-24.000000" y="-62.500000">
   <element name="pickled_food" layername="timeline_0" frame="5" z_index="9" m_a="1.000000" m_b="0.000000" m_c="0.000000" m_d="1.000000" m_tx="-126.000000" m_ty="-161.000000"/>
  </frame>
  <frame idx="725" w="308" h="350" x="-24.000000" y="-62.500000">
   <element name="pickled_food" layername="timeline_0" frame="5" z_index="9" m_a="1.000000" m_b="0.000000" m_c="0.000000" m_d="1.000000" m_tx="-126.000000" m_ty="-161.000000"/>
  </frame>
  <frame idx="750" w="308" h="350" x="-24.000000" y="-62.500000">
   <element name="pickled_food" layername="timeline_0" frame="5" z_index="9" m_a="1.000000" m_b="0.000000" m_c="0.000000" m_d="1.000000" m_tx="-126.000000" m_ty="-161.000000"/>
  </frame>
  <frame idx="775" w="308" h="350" x="-24.000000" y="-62.500000">
   <element name="pickled_food" layername="timeline_0" frame="5" z_index="9" m_a="1.000000" m_b="0.000000" m_c="0.000000" m_d="1.000000" m_tx="-126.000000" m_ty="-161.000000"/>
  </frame>
  <frame idx="800" w="308" h="350" x="-24.000000" y="-62.500000">
   <element name="pickled_food" layername="timeline_0" frame="5" z_index="9" m_a="1.000000" m_b="0.000000" m_c="0.000000" m_d="1.000000" m_tx="-126.000000" m_ty="-161.000000"/>
  </frame>
  <frame idx="825" w="308" h="350" x="-24.000000" y="-62.500000">
   <element name="pickled_food" layername="timeline_0" frame="5" z_index="9" m_a="1.000000" m_b="0.000000" m_c="0.000000" m_d="1.000000" m_tx="-126.000000" m_ty="-161.000000"/>
  </frame>
  <frame idx="850" w="308" h="350" x="-24.000000" y="-62.500000">
   <element name="pickled_food" layername="timeline_0" frame="5" z_index="9" m_a="1.000000" m_b="0.000000" m_c="0.000000" m_d="1.000000" m_tx="-126.000000" m_ty="-161.000000"/>
  </frame>
  <frame idx="875" w="308" h="350" x="-24.000000" y="-62.500000">
   <element name="pickled_food" layername="timeline_0" frame="5" z_index="9" m_a="1.000000" m_b="0.000000" m_c="0.000000" m_d="1.000000" m_tx="-126.000000" m_ty="-161.000000"/>
  </frame>
  <frame idx="900" w="308" h="350" x="-24.000000" y="-62.500000">
   <element name="pickled_food" layername="timeline_0" frame="5" z_index="9" m_a="1.000000" m_b="0.000000" m_c="0.000000" m_d="1.000000" m_tx="-126.000000" m_ty="-161.000000"/>
  </frame>
  <frame idx="925" w="308" h="350" x="-24.000000" y="-62.500000">
   <element name="pickled_food" layername="timeline_0" frame="5" z_index="9" m_a="1.000000" m_b="0.000000" m_c="0.000000" m_d="1.000000" m_tx="-126.000000" m_ty="-161.000000"/>
  </frame>
  <frame idx="950" w="308" h="350" x="-24.000000" y="-62.500000">
   <element name="pickled_food" layername="timeline_0" frame="5" z_index="9" m_a="1.000000" m_b="0.000000" m_c="0.000000" m_d="1.000000" m_tx="-126.000000" m_ty="-161.000000"/>
  </frame>
  <frame idx="975" w="308" h="350" x="-24.000000" y="-62.500000">
   <element name="pickled_food" layername="timeline_0" frame="5" z_index="9" m_a="1.000000" m_b="0.000000" m_c="0.000000" m_d="1.000000" m_tx="-126.000000" m_ty="-161.000000"/>
  </frame>
 </anim>
 <anim name="idle" root="corn_pickled" numframes="1000" framerate="40">
  <frame idx="0" w="308" h="358" x="-25.000000" y="-71.000000">
   <element name="pickled_food" layername="timeline_0" frame="6" z_index="9" m_a="1.000000" m_b="0.000000" m_c="0.000000" m_d="1.000000" m_tx="-127.000000" m_ty="-169.000000"/>
  </frame>
  <frame idx="25" w="308" h="358" x="-25.000000" y="-71.000000">
   <element name="pickled_food" layername="timeline_0" frame="6" z_index="9" m_a="1.000000" m_b="0.000000" m_c="0.000000" m_d="1.000000" m_tx="-127.000000" m_ty="-169.000000"/>
  </frame>
  <frame idx="50" w="308" h="358" x="-25.000000" y="-71.000000">
   <element name="pickled_food" layername="timeline_0" frame="6" z_index="9" m_a="1.000000" m_b="0.000000" m_c="0.000000" m_d="1.000000" m_tx="-127.000000" m_ty="-169.000000"/>
  </frame>
  <frame idx="75" w="308" h="358" x="-25.000000" y="-71.000000">
   <element name="pickled_food" layername="timeline_0" frame="6" z_index="9" m_a="1.000000" m_b="0.000000" m_c="0.000000" m_d="1.000000" m_tx="-127.000000" m_ty="-169.000000"/>
  </frame>
  <frame idx="100" w="308" h="358" x="-25.000000" y="-71.000000">
   <element name="pickled_food" layername="timeline_0" frame="6" z_index="9" m_a="1.000000" m_b="0.000000" m_c="0.000000" m_d="1.000000" m_tx="-127.000000" m_ty="-169.000000"/>
  </frame>
  <frame idx="125" w="308" h="358" x="-25.000000" y="-71.000000">
   <element name="pickled_food" layername="timeline_0" frame="6" z_index="9" m_a="1.000000" m_b="0.000000" m_c="0.000000" m_d="1.000000" m_tx="-127.000000" m_ty="-169.000000"/>
  </frame>
  <frame idx="150" w="308" h="358" x="-25.000000" y="-71.000000">
   <element name="pickled_food" layername="timeline_0" frame="6" z_index="9" m_a="1.000000" m_b="0.000000" m_c="0.000000" m_d="1.000000" m_tx="-127.000000" m_ty="-169.000000"/>
  </frame>
  <frame idx="175" w="308" h="358" x="-25.000000" y="-71.000000">
   <element name="pickled_food" layername="timeline_0" frame="6" z_index="9" m_a="1.000000" m_b="0.000000" m_c="0.000000" m_d="1.000000" m_tx="-127.000000" m_ty="-169.000000"/>
  </frame>
  <frame idx="200" w="308" h="358" x="-25.000000" y="-71.000000">
   <element name="pickled_food" layername="timeline_0" frame="6" z_index="9" m_a="1.000000" m_b="0.000000" m_c="0.000000" m_d="1.000000" m_tx="-127.000000" m_ty="-169.000000"/>
  </frame>
  <frame idx="225" w="308" h="358" x="-25.000000" y="-71.000000">
   <element name="pickled_food" layername="timeline_0" frame="6" z_index="9" m_a="1.000000" m_b="0.000000" m_c="0.000000" m_d="1.000000" m_tx="-127.000000" m_ty="-169.000000"/>
  </frame>
  <frame idx="250" w="308" h="358" x="-25.000000" y="-71.000000">
   <element name="pickled_food" layername="timeline_0" frame="6" z_index="9" m_a="1.000000" m_b="0.000000" m_c="0.000000" m_d="1.000000" m_tx="-127.000000" m_ty="-169.000000"/>
  </frame>
  <frame idx="275" w="308" h="358" x="-25.000000" y="-71.000000">
   <element name="pickled_food" layername="timeline_0" frame="6" z_index="9" m_a="1.000000" m_b="0.000000" m_c="0.000000" m_d="1.000000" m_tx="-127.000000" m_ty="-169.000000"/>
  </frame>
  <frame idx="300" w="308" h="358" x="-25.000000" y="-71.000000">
   <element name="pickled_food" layername="timeline_0" frame="6" z_index="9" m_a="1.000000" m_b="0.000000" m_c="0.000000" m_d="1.000000" m_tx="-127.000000" m_ty="-169.000000"/>
  </frame>
  <frame idx="325" w="308" h="358" x="-25.000000" y="-71.000000">
   <element name="pickled_food" layername="timeline_0" frame="6" z_index="9" m_a="1.000000" m_b="0.000000" m_c="0.000000" m_d="1.000000" m_tx="-127.000000" m_ty="-169.000000"/>
  </frame>
  <frame idx="350" w="308" h="358" x="-25.000000" y="-71.000000">
   <element name="pickled_food" layername="timeline_0" frame="6" z_index="9" m_a="1.000000" m_b="0.000000" m_c="0.000000" m_d="1.000000" m_tx="-127.000000" m_ty="-169.000000"/>
  </frame>
  <frame idx="375" w="308" h="358" x="-25.000000" y="-71.000000">
   <element name="pickled_food" layername="timeline_0" frame="6" z_index="9" m_a="1.000000" m_b="0.000000" m_c="0.000000" m_d="1.000000" m_tx="-127.000000" m_ty="-169.000000"/>
  </frame>
  <frame idx="400" w="308" h="358" x="-25.000000" y="-71.000000">
   <element name="pickled_food" layername="timeline_0" frame="6" z_index="9" m_a="1.000000" m_b="0.000000" m_c="0.000000" m_d="1.000000" m_tx="-127.000000" m_ty="-169.000000"/>
  </frame>
  <frame idx="425" w="308" h="358" x="-25.000000" y="-71.000000">
   <element name="pickled_food" layername="timeline_0" frame="6" z_index="9" m_a="1.000000" m_b="0.000000" m_c="0.000000" m_d="1.000000" m_tx="-127.000000" m_ty="-169.000000"/>
  </frame>
  <frame idx="450" w="308" h="358" x="-25.000000" y="-71.000000">
   <element name="pickled_food" layername="timeline_0" frame="6" z_index="9" m_a="1.000000" m_b="0.000000" m_c="0.000000" m_d="1.000000" m_tx="-127.000000" m_ty="-169.000000"/>
  </frame>
  <frame idx="475" w="308" h="358" x="-25.000000" y="-71.000000">
   <element name="pickled_food" layername="timeline_0" frame="6" z_index="9" m_a="1.000000" m_b="0.000000" m_c="0.000000" m_d="1.000000" m_tx="-127.000000" m_ty="-169.000000"/>
  </frame>
  <frame idx="500" w="308" h="358" x="-25.000000" y="-71.000000">
   <element name="pickled_food" layername="timeline_0" frame="6" z_index="9" m_a="1.000000" m_b="0.000000" m_c="0.000000" m_d="1.000000" m_tx="-127.000000" m_ty="-169.000000"/>
  </frame>
  <frame idx="525" w="308" h="358" x="-25.000000" y="-71.000000">
   <element name="pickled_food" layername="timeline_0" frame="6" z_index="9" m_a="1.000000" m_b="0.000000" m_c="0.000000" m_d="1.000000" m_tx="-127.000000" m_ty="-169.000000"/>
  </frame>
  <frame idx="550" w="308" h="358" x="-25.000000" y="-71.000000">
   <element name="pickled_food" layername="timeline_0" frame="6" z_index="9" m_a="1.000000" m_b="0.000000" m_c="0.000000" m_d="1.000000" m_tx="-127.000000" m_ty="-169.000000"/>
  </frame>
  <frame idx="575" w="308" h="358" x="-25.000000" y="-71.000000">
   <element name="pickled_food" layername="timeline_0" frame="6" z_index="9" m_a="1.000000" m_b="0.000000" m_c="0.000000" m_d="1.000000" m_tx="-127.000000" m_ty="-169.000000"/>
  </frame>
  <frame idx="600" w="308" h="358" x="-25.000000" y="-71.000000">
   <element name="pickled_food" layername="timeline_0" frame="6" z_index="9" m_a="1.000000" m_b="0.000000" m_c="0.000000" m_d="1.000000" m_tx="-127.000000" m_ty="-169.000000"/>
  </frame>
  <frame idx="625" w="308" h="358" x="-25.000000" y="-71.000000">
   <element name="pickled_food" layername="timeline_0" frame="6" z_index="9" m_a="1.000000" m_b="0.000000" m_c="0.000000" m_d="1.000000" m_tx="-127.000000" m_ty="-169.000000"/>
  </frame>
  <frame idx="650" w="308" h="358" x="-25.000000" y="-71.000000">
   <element name="pickled_food" layername="timeline_0" frame="6" z_index="9" m_a="1.000000" m_b="0.000000" m_c="0.000000" m_d="1.000000" m_tx="-127.000000" m_ty="-169.000000"/>
  </frame>
  <frame idx="675" w="308" h="358" x="-25.000000" y="-71.000000">
   <element name="pickled_food" layername="timeline_0" frame="6" z_index="9" m_a="1.000000" m_b="0.000000" m_c="0.000000" m_d="1.000000" m_tx="-127.000000" m_ty="-169.000000"/>
  </frame>
  <frame idx="700" w="308" h="358" x="-25.000000" y="-71.000000">
   <element name="pickled_food" layername="timeline_0" frame="6" z_index="9" m_a="1.000000" m_b="0.000000" m_c="0.000000" m_d="1.000000" m_tx="-127.000000" m_ty="-169.000000"/>
  </frame>
  <frame idx="725" w="308" h="358" x="-25.000000" y="-71.000000">
   <element name="pickled_food" layername="timeline_0" frame="6" z_index="9" m_a="1.000000" m_b="0.000000" m_c="0.000000" m_d="1.000000" m_tx="-127.000000" m_ty="-169.000000"/>
  </frame>
  <frame idx="750" w="308" h="358" x="-25.000000" y="-71.000000">
   <element name="pickled_food" layername="timeline_0" frame="6" z_index="9" m_a="1.000000" m_b="0.000000" m_c="0.000000" m_d="1.000000" m_tx="-127.000000" m_ty="-169.000000"/>
  </frame>
  <frame idx="775" w="308" h="358" x="-25.000000" y="-71.000000">
   <element name="pickled_food" layername="timeline_0" frame="6" z_index="9" m_a="1.000000" m_b="0.000000" m_c="0.000000" m_d="1.000000" m_tx="-127.000000" m_ty="-169.000000"/>
  </frame>
  <frame idx="800" w="308" h="358" x="-25.000000" y="-71.000000">
   <element name="pickled_food" layername="timeline_0" frame="6" z_index="9" m_a="1.000000" m_b="0.000000" m_c="0.000000" m_d="1.000000" m_tx="-127.000000" m_ty="-169.000000"/>
  </frame>
  <frame idx="825" w="308" h="358" x="-25.000000" y="-71.000000">
   <element name="pickled_food" layername="timeline_0" frame="6" z_index="9" m_a="1.000000" m_b="0.000000" m_c="0.000000" m_d="1.000000" m_tx="-127.000000" m_ty="-169.000000"/>
  </frame>
  <frame idx="850" w="308" h="358" x="-25.000000" y="-71.000000">
   <element name="pickled_food" layername="timeline_0" frame="6" z_index="9" m_a="1.000000" m_b="0.000000" m_c="0.000000" m_d="1.000000" m_tx="-127.000000" m_ty="-169.000000"/>
  </frame>
  <frame idx="875" w="308" h="358" x="-25.000000" y="-71.000000">
   <element name="pickled_food" layername="timeline_0" frame="6" z_index="9" m_a="1.000000" m_b="0.000000" m_c="0.000000" m_d="1.000000" m_tx="-127.000000" m_ty="-169.000000"/>
  </frame>
  <frame idx="900" w="308" h="358" x="-25.000000" y="-71.000000">
   <element name="pickled_food" layername="timeline_0" frame="6" z_index="9" m_a="1.000000" m_b="0.000000" m_c="0.000000" m_d="1.000000" m_tx="-127.000000" m_ty="-169.000000"/>
  </frame>
  <frame idx="925" w="308" h="358" x="-25.000000" y="-71.000000">
   <element name="pickled_food" layername="timeline_0" frame="6" z_index="9" m_a="1.000000" m_b="0.000000" m_c="0.000000" m_d="1.000000" m_tx="-127.000000" m_ty="-169.000000"/>
  </frame>
  <frame idx="950" w="308" h="358" x="-25.000000" y="-71.000000">
   <element name="pickled_food" layername="timeline_0" frame="6" z_index="9" m_a="1.000000" m_b="0.000000" m_c="0.000000" m_d="1.000000" m_tx="-127.000000" m_ty="-169.000000"/>
  </frame>
  <frame idx="975" w="308" h="358" x="-25.000000" y="-71.000000">
   <element name="pickled_food" layername="timeline_0" frame="6" z_index="9" m_a="1.000000" m_b="0.000000" m_c="0.000000" m_d="1.000000" m_tx="-127.000000" m_ty="-169.000000"/>
  </frame>
 </anim>
 <anim name="idle" root="eggplant_pickled" numframes="1000" framerate="40">
  <frame idx="0" w="308" h="339" x="-25.000000" y="-53.500000">
   <element name="pickled_food" layername="timeline_0" frame="7" z_index="9" m_a="1.000000" m_b="0.000000" m_c="0.000000" m_d="1.000000" m_tx="-127.000000" m_ty="-153.000000"/>
  </frame>
  <frame idx="25" w="308" h="339" x="-25.000000" y="-53.500000">
   <element name="pickled_food" layername="timeline_0" frame="7" z_index="9" m_a="1.000000" m_b="0.000000" m_c="0.000000" m_d="1.000000" m_tx="-127.000000" m_ty="-153.000000"/>
  </frame>
  <frame idx="50" w="308" h="339" x="-25.000000" y="-53.500000">
   <element name="pickled_food" layername="timeline_0" frame="7" z_index="9" m_a="1.000000" m_b="0.000000" m_c="0.000000" m_d="1.000000" m_tx="-127.000000" m_ty="-153.000000"/>
  </frame>
  <frame idx="75" w="308" h="339" x="-25.000000" y="-53.500000">
   <element name="pickled_food" layername="timeline_0" frame="7" z_index="9" m_a="1.000000" m_b="0.000000" m_c="0.000000" m_d="1.000000" m_tx="-127.000000" m_ty="-153.000000"/>
  </frame>
  <frame idx="100" w="308" h="339" x="-25.000000" y="-53.500000">
   <element name="pickled_food" layername="timeline_0" frame="7" z_index="9" m_a="1.000000" m_b="0.000000" m_c="0.000000" m_d="1.000000" m_tx="-127.000000" m_ty="-153.000000"/>
  </frame>
  <frame idx="125" w="308" h="339" x="-25.000000" y="-53.500000">
   <element name="pickled_food" layername="timeline_0" frame="7" z_index="9" m_a="1.000000" m_b="0.000000" m_c="0.000000" m_d="1.000000" m_tx="-127.000000" m_ty="-153.000000"/>
  </frame>
  <frame idx="150" w="308" h="339" x="-25.000000" y="-53.500000">
   <element name="pickled_food" layername="timeline_0" frame="7" z_index="9" m_a="1.000000" m_b="0.000000" m_c="0.000000" m_d="1.000000" m_tx="-127.000000" m_ty="-153.000000"/>
  </frame>
  <frame idx="175" w="308" h="339" x="-25.000000" y="-53.500000">
   <element name="pickled_food" layername="timeline_0" frame="7" z_index="9" m_a="1.000000" m_b="0.000000" m_c="0.000000" m_d="1.000000" m_tx="-127.000000" m_ty="-153.000000"/>
  </frame>
  <frame idx="200" w="308" h="339" x="-25.000000" y="-53.500000">
   <element name="pickled_food" layername="timeline_0" frame="7" z_index="9" m_a="1.000000" m_b="0.000000" m_c="0.000000" m_d="1.000000" m_tx="-127.000000" m_ty="-153.000000"/>
  </frame>
  <frame idx="225" w="308" h="339" x="-25.000000" y="-53.500000">
   <element name="pickled_food" layername="timeline_0" frame="7" z_index="9" m_a="1.000000" m_b="0.000000" m_c="0.000000" m_d="1.000000" m_tx="-127.000000" m_ty="-153.000000"/>
  </frame>
  <frame idx="250" w="308" h="339" x="-25.000000" y="-53.500000">
   <element name="pickled_food" layername="timeline_0" frame="7" z_index="9" m_a="1.000000" m_b="0.000000" m_c="0.000000" m_d="1.000000" m_tx="-127.000000" m_ty="-153.000000"/>
  </frame>
  <frame idx="275" w="308" h="339" x="-25.000000" y="-53.500000">
   <element name="pickled_food" layername="timeline_0" frame="7" z_index="9" m_a="1.000000" m_b="0.000000" m_c="0.000000" m_d="1.000000" m_tx="-127.000000" m_ty="-153.000000"/>
  </frame>
  <frame idx="300" w="308" h="339" x="-25.000000" y="-53.500000">
   <element name="pickled_food" layername="timeline_0" frame="7" z_index="9" m_a="1.000000" m_b="0.000000" m_c="0.000000" m_d="1.000000" m_tx="-127.000000" m_ty="-153.000000"/>
  </frame>
  <frame idx="325" w="308" h="339" x="-25.000000" y="-53.500000">
   <element name="pickled_food" layername="timeline_0" frame="7" z_index="9" m_a="1.000000" m_b="0.000000" m_c="0.000000" m_d="1.000000" m_tx="-127.000000" m_ty="-153.000000"/>
  </frame>
  <frame idx="350" w="308" h="339" x="-25.000000" y="-53.500000">
   <element name="pickled_food" layername="timeline_0" frame="7" z_index="9" m_a="1.000000" m_b="0.000000" m_c="0.000000" m_d="1.000000" m_tx="-127.000000" m_ty="-153.000000"/>
  </frame>
  <frame idx="375" w="308" h="339" x="-25.000000" y="-53.500000">
   <element name="pickled_food" layername="timeline_0" frame="7" z_index="9" m_a="1.000000" m_b="0.000000" m_c="0.000000" m_d="1.000000" m_tx="-127.000000" m_ty="-153.000000"/>
  </frame>
  <frame idx="400" w="308" h="339" x="-25.000000" y="-53.500000">
   <element name="pickled_food" layername="timeline_0" frame="7" z_index="9" m_a="1.000000" m_b="0.000000" m_c="0.000000" m_d="1.000000" m_tx="-127.000000" m_ty="-153.000000"/>
  </frame>
  <frame idx="425" w="308" h="339" x="-25.000000" y="-53.500000">
   <element name="pickled_food" layername="timeline_0" frame="7" z_index="9" m_a="1.000000" m_b="0.000000" m_c="0.000000" m_d="1.000000" m_tx="-127.000000" m_ty="-153.000000"/>
  </frame>
  <frame idx="450" w="308" h="339" x="-25.000000" y="-53.500000">
   <element name="pickled_food" layername="timeline_0" frame="7" z_index="9" m_a="1.000000" m_b="0.000000" m_c="0.000000" m_d="1.000000" m_tx="-127.000000" m_ty="-153.000000"/>
  </frame>
  <frame idx="475" w="308" h="339" x="-25.000000" y="-53.500000">
   <element name="pickled_food" layername="timeline_0" frame="7" z_index="9" m_a="1.000000" m_b="0.000000" m_c="0.000000" m_d="1.000000" m_tx="-127.000000" m_ty="-153.000000"/>
  </frame>
  <frame idx="500" w="308" h="339" x="-25.000000" y="-53.500000">
   <element name="pickled_food" layername="timeline_0" frame="7" z_index="9" m_a="1.000000" m_b="0.000000" m_c="0.000000" m_d="1.000000" m_tx="-127.000000" m_ty="-153.000000"/>
  </frame>
  <frame idx="525" w="308" h="339" x="-25.000000" y="-53.500000">
   <element name="pickled_food" layername="timeline_0" frame="7" z_index="9" m_a="1.000000" m_b="0.000000" m_c="0.000000" m_d="1.000000" m_tx="-127.000000" m_ty="-153.000000"/>
  </frame>
  <frame idx="550" w="308" h="339" x="-25.000000" y="-53.500000">
   <element name="pickled_food" layername="timeline_0" frame="7" z_index="9" m_a="1.000000" m_b="0.000000" m_c="0.000000" m_d="1.000000" m_tx="-127.000000" m_ty="-153.000000"/>
  </frame>
  <frame idx="575" w="308" h="339" x="-25.000000" y="-53.500000">
   <element name="pickled_food" layername="timeline_0" frame="7" z_index="9" m_a="1.000000" m_b="0.000000" m_c="0.000000" m_d="1.000000" m_tx="-127.000000" m_ty="-153.000000"/>
  </frame>
  <frame idx="600" w="308" h="339" x="-25.000000" y="-53.500000">
   <element name="pickled_food" layername="timeline_0" frame="7" z_index="9" m_a="1.000000" m_b="0.000000" m_c="0.000000" m_d="1.000000" m_tx="-127.000000" m_ty="-153.000000"/>
  </frame>
  <frame idx="625" w="308" h="339" x="-25.000000" y="-53.500000">
   <element name="pickled_food" layername="timeline_0" frame="7" z_index="9" m_a="1.000000" m_b="0.000000" m_c="0.000000" m_d="1.000000" m_tx="-127.000000" m_ty="-153.000000"/>
  </frame>
  <frame idx="650" w="308" h="339" x="-25.000000" y="-53.500000">
   <element name="pickled_food" layername="timeline_0" frame="7" z_index="9" m_a="1.000000" m_b="0.000000" m_c="0.000000" m_d="1.000000" m_tx="-127.000000" m_ty="-153.000000"/>
  </frame>
  <frame idx="675" w="308" h="339" x="-25.000000" y="-53.500000">
   <element name="pickled_food" layername="timeline_0" frame="7" z_index="9" m_a="1.000000" m_b="0.000000" m_c="0.000000" m_d="1.000000" m_tx="-127.000000" m_ty="-153.000000"/>
  </frame>
  <frame idx="700" w="308" h="339" x="-25.000000" y="-53.500000">
   <element name="pickled_food" layername="timeline_0" frame="7" z_index="9" m_a="1.000000" m_b="0.000000" m_c="0.000000" m_d="1.000000" m_tx="-127.000000" m_ty="-153.000000"/>
  </frame>
  <frame idx="725" w="308" h="339" x="-25.000000" y="-53.500000">
   <element name="pickled_food" layername="timeline_0" frame="7" z_index="9" m_a="1.000000" m_b="0.000000" m_c="0.000000" m_d="1.000000" m_tx="-127.000000" m_ty="-153.000000"/>
  </frame>
  <frame idx="750" w="308" h="339" x="-25.000000" y="-53.500000">
   <element name="pickled_food" layername="timeline_0" frame="7" z_index="9" m_a="1.000000" m_b="0.000000" m_c="0.000000" m_d="1.000000" m_tx="-127.000000" m_ty="-153.000000"/>
  </frame>
  <frame idx="775" w="308" h="339" x="-25.000000" y="-53.500000">
   <element name="pickled_food" layername="timeline_0" frame="7" z_index="9" m_a="1.000000" m_b="0.000000" m_c="0.000000" m_d="1.000000" m_tx="-127.000000" m_ty="-153.000000"/>
  </frame>
  <frame idx="800" w="308" h="339" x="-25.000000" y="-53.500000">
   <element name="pickled_food" layername="timeline_0" frame="7" z_index="9" m_a="1.000000" m_b="0.000000" m_c="0.000000" m_d="1.000000" m_tx="-127.000000" m_ty="-153.000000"/>
  </frame>
  <frame idx="825" w="308" h="339" x="-25.000000" y="-53.500000">
   <element name="pickled_food" layername="timeline_0" frame="7" z_index="9" m_a="1.000000" m_b="0.000000" m_c="0.000000" m_d="1.000000" m_tx="-127.000000" m_ty="-153.000000"/>
  </frame>
  <frame idx="850" w="308" h="339" x="-25.000000" y="-53.500000">
   <element name="pickled_food" layername="timeline_0" frame="7" z_index="9" m_a="1.000000" m_b="0.000000" m_c="0.000000" m_d="1.000000" m_tx="-127.000000" m_ty="-153.000000"/>
  </frame>
  <frame idx="875" w="308" h="339" x="-25.000000" y="-53.500000">
   <element name="pickled_food" layername="timeline_0" frame="7" z_index="9" m_a="1.000000" m_b="0.000000" m_c="0.000000" m_d="1.000000" m_tx="-127.000000" m_ty="-153.000000"/>
  </frame>
  <frame idx="900" w="308" h="339" x="-25.000000" y="-53.500000">
   <element name="pickled_food" layername="timeline_0" frame="7" z_index="9" m_a="1.000000" m_b="0.000000" m_c="0.000000" m_d="1.000000" m_tx="-127.000000" m_ty="-153.000000"/>
  </frame>
  <frame idx="925" w="308" h="339" x="-25.000000" y="-53.500000">
   <element name="pickled_food" layername="timeline_0" frame="7" z_index="9" m_a="1.000000" m_b="0.000000" m_c="0.000000" m_d="1.000000" m_tx="-127.000000" m_ty="-153.000000"/>
  </frame>
  <frame idx="950" w="308" h="339" x="-25.000000" y="-53.500000">
   <element name="pickled_food" layername="timeline_0" frame="7" z_index="9" m_a="1.000000" m_b="0.000000" m_c="0.000000" m_d="1.000000" m_tx="-127.000000" m_ty="-153.000000"/>
  </frame>
  <frame idx="975" w="308" h="339" x="-25.000000" y="-53.500000">
   <element name="pickled_food" layername="timeline_0" frame="7" z_index="9" m_a="1.000000" m_b="0.000000" m_c="0.000000" m_d="1.000000" m_tx="-127.000000" m_ty="-153.000000"/>
  </frame>
 </anim>
 <anim name="idle" root="pumpkin_pickled" numframes="1000" framerate="40">
  <frame idx="0" w="308" h="348" x="-25.000000" y="-62.000000">
   <element name="pickled_food" layername="timeline_0" frame="8" z_index="9" m_a="1.000000" m_b="0.000000" m_c="0.000000" m_d="1.000000" m_tx="-127.000000" m_ty="-161.000000"/>
  </frame>
  <frame idx="25" w="308" h="348" x="-25.000000" y="-62.000000">
   <element name="pickled_food" layername="timeline_0" frame="8" z_index="9" m_a="1.000000" m_b="0.000000" m_c="0.000000" m_d="1.000000" m_tx="-127.000000" m_ty="-161.000000"/>
  </frame>
  <frame idx="50" w="308" h="348" x="-25.000000" y="-62.000000">
   <element name="pickled_food" layername="timeline_0" frame="8" z_index="9" m_a="1.000000" m_b="0.000000" m_c="0.000000" m_d="1.000000" m_tx="-127.000000" m_ty="-161.000000"/>
  </frame>
  <frame idx="75" w="308" h="348" x="-25.000000" y="-62.000000">
   <element name="pickled_food" layername="timeline_0" frame="8" z_index="9" m_a="1.000000" m_b="0.000000" m_c="0.000000" m_d="1.000000" m_tx="-127.000000" m_ty="-161.000000"/>
  </frame>
  <frame idx="100" w="308" h="348" x="-25.000000" y="-62.000000">
   <element name="pickled_food" layername="timeline_0" frame="8" z_index="9" m_a="1.000000" m_b="0.000000" m_c="0.000000" m_d="1.000000" m_tx="-127.000000" m_ty="-161.000000"/>
  </frame>
  <frame idx="125" w="308" h="348" x="-25.000000" y="-62.000000">
   <element name="pickled_food" layername="timeline_0" frame="8" z_index="9" m_a="1.000000" m_b="0.000000" m_c="0.000000" m_d="1.000000" m_tx="-127.000000" m_ty="-161.000000"/>
  </frame>
  <frame idx="150" w="308" h="348" x="-25.000000" y="-62.000000">
   <element name="pickled_food" layername="timeline_0" frame="8" z_index="9" m_a="1.000000" m_b="0.000000" m_c="0.000000" m_d="1.000000" m_tx="-127.000000" m_ty="-161.000000"/>
  </frame>
  <frame idx="175" w="308" h="348" x="-25.000000" y="-62.000000">
   <element name="pickled_food" layername="timeline_0" frame="8" z_index="9" m_a="1.000000" m_b="0.000000" m_c="0.000000" m_d="1.000000" m_tx="-127.000000" m_ty="-161.000000"/>
  </frame>
  <frame idx="200" w="308" h="348" x="-25.000000" y="-62.000000">
   <element name="pickled_food" layername="timeline_0" frame="8" z_index="9" m_a="1.000000" m_b="0.000000" m_c="0.000000" m_d="1.000000" m_tx="-127.000000" m_ty="-161.000000"/>
  </frame>
  <frame idx="225" w="308" h="348" x="-25.000000" y="-62.000000">
   <element name="pickled_food" layername="timeline_0" frame="8" z_index="9" m_a="1.000000" m_b="0.000000" m_c="0.000000" m_d="1.000000" m_tx="-127.000000" m_ty="-161.000000"/>
  </frame>
  <frame idx="250" w="308" h="348" x="-25.000000" y="-62.000000">
   <element name="pickled_food" layername="timeline_0" frame="8" z_index="9" m_a="1.000000" m_b="0.000000" m_c="0.000000" m_d="1.000000" m_tx="-127.000000" m_ty="-161.000000"/>
  </frame>
  <frame idx="275" w="308" h="348" x="-25.000000" y="-62.000000">
   <element name="pickled_food" layername="timeline_0" frame="8" z_index="9" m_a="1.000000" m_b="0.000000" m_c="0.000000" m_d="1.000000" m_tx="-127.000000" m_ty="-161.000000"/>
  </frame>
  <frame idx="300" w="308" h="348" x="-25.000000" y="-62.000000">
   <element name="pickled_food" layername="timeline_0" frame="8" z_index="9" m_a="1.000000" m_b="0.000000" m_c="0.000000" m_d="1.000000" m_tx="-127.000000" m_ty="-161.000000"/>
  </frame>
  <frame idx="325" w="308" h="348" x="-25.000000" y="-62.000000">
   <element name="pickled_food" layername="timeline_0" frame="8" z_index="9" m_a="1.000000" m_b="0.000000" m_c="0.000000" m_d="1.000000" m_tx="-127.000000" m_ty="-161.000000"/>
  </frame>
  <frame idx="350" w="308" h="348" x="-25.000000" y="-62.000000">
   <element name="pickled_food" layername="timeline_0" frame="8" z_index="9" m_a="1.000000" m_b="0.000000" m_c="0.000000" m_d="1.000000" m_tx="-127.000000" m_ty="-161.000000"/>
  </frame>
  <frame idx="375" w="308" h="348" x="-25.000000" y="-62.000000">
   <element name="pickled_food" layername="timeline_0" frame="8" z_index="9" m_a="1.000000" m_b="0.000000" m_c="0.000000" m_d="1.000000" m_tx="-127.000000" m_ty="-161.000000"/>
  </frame>
  <frame idx="400" w="308" h="348" x="-25.000000" y="-62.000000">
   <element name="pickled_food" layername="timeline_0" frame="8" z_index="9" m_a="1.000000" m_b="0.000000" m_c="0.000000" m_d="1.000000" m_tx="-127.000000" m_ty="-161.000000"/>
  </frame>
  <frame idx="425" w="308" h="348" x="-25.000000" y="-62.000000">
   <element name="pickled_food" layername="timeline_0" frame="8" z_index="9" m_a="1.000000" m_b="0.000000" m_c="0.000000" m_d="1.000000" m_tx="-127.000000" m_ty="-161.000000"/>
  </frame>
  <frame idx="450" w="308" h="348" x="-25.000000" y="-62.000000">
   <element name="pickled_food" layername="timeline_0" frame="8" z_index="9" m_a="1.000000" m_b="0.000000" m_c="0.000000" m_d="1.000000" m_tx="-127.000000" m_ty="-161.000000"/>
  </frame>
  <frame idx="475" w="308" h="348" x="-25.000000" y="-62.000000">
   <element name="pickled_food" layername="timeline_0" frame="8" z_index="9" m_a="1.000000" m_b="0.000000" m_c="0.000000" m_d="1.000000" m_tx="-127.000000" m_ty="-161.000000"/>
  </frame>
  <frame idx="500" w="308" h="348" x="-25.000000" y="-62.000000">
   <element name="pickled_food" layername="timeline_0" frame="8" z_index="9" m_a="1.000000" m_b="0.000000" m_c="0.000000" m_d="1.000000" m_tx="-127.000000" m_ty="-161.000000"/>
  </frame>
  <frame idx="525" w="308" h="348" x="-25.000000" y="-62.000000">
   <element name="pickled_food" layername="timeline_0" frame="8" z_index="9" m_a="1.000000" m_b="0.000000" m_c="0.000000" m_d="1.000000" m_tx="-127.000000" m_ty="-161.000000"/>
  </frame>
  <frame idx="550" w="308" h="348" x="-25.000000" y="-62.000000">
   <element name="pickled_food" layername="timeline_0" frame="8" z_index="9" m_a="1.000000" m_b="0.000000" m_c="0.000000" m_d="1.000000" m_tx="-127.000000" m_ty="-161.000000"/>
  </frame>
  <frame idx="575" w="308" h="348" x="-25.000000" y="-62.000000">
   <element name="pickled_food" layername="timeline_0" frame="8" z_index="9" m_a="1.000000" m_b="0.000000" m_c="0.000000" m_d="1.000000" m_tx="-127.000000" m_ty="-161.000000"/>
  </frame>
  <frame idx="600" w="308" h="348" x="-25.000000" y="-62.000000">
   <element name="pickled_food" layername="timeline_0" frame="8" z_index="9" m_a="1.000000" m_b="0.000000" m_c="0.000000" m_d="1.000000" m_tx="-127.000000" m_ty="-161.000000"/>
  </frame>
  <frame idx="625" w="308" h="348" x="-25.000000" y="-62.000000">
   <element name="pickled_food" layername="timeline_0" frame="8" z_index="9" m_a="1.000000" m_b="0.000000" m_c="0.000000" m_d="1.000000" m_tx="-127.000000" m_ty="-161.000000"/>
  </frame>
  <frame idx="650" w="308" h="348" x="-25.000000" y="-62.000000">
   <element name="pickled_food" layername="timeline_0" frame="8" z_index="9" m_a="1.000000" m_b="0.000000" m_c="0.000000" m_d="1.000000" m_tx="-127.000000" m_ty="-161.000000"/>
  </frame>
  <frame idx="675" w="308" h="348" x="-25.000000" y="-62.000000">
   <element name="pickled_food" layername="timeline_0" frame="8" z_index="9" m_a="1.000000" m_b="0.000000" m_c="0.000000" m_d="1.000000" m_tx="-127.000000" m_ty="-161.000000"/>
  </frame>
  <frame idx="700" w="308" h="348" x="-25.000000" y="-62.000000">
   <element name="pickled_food" layername="timeline_0" frame="8" z_index="9" m_a="1.000000" m_b="0.000000" m_c="0.000000" m_d="1.000000" m_tx="-127.000000" m_ty="-161.000000"/>
  </frame>
  <frame idx="725" w="308" h="348" x="-25.000000" y="-62.000000">
   <element name="pickled_food" layername="timeline_0" frame="8" z_index="9" m_a="1.000000" m_b="0.000000" m_c="0.000000" m_d="1.000000" m_tx="-127.000000" m_ty="-161.000000"/>
  </frame>
  <frame idx="750" w="308" h="348" x="-25.000000" y="-62.000000">
   <element name="pickled_food" layername="timeline_0" frame="8" z_index="9" m_a="1.000000" m_b="0.000000" m_c="0.000000" m_d="1.000000" m_tx="-127.000000" m_ty="-161.000000"/>
  </frame>
  <frame idx="775" w="308" h="348" x="-25.000000" y="-62.000000">
   <element name="pickled_food" layername="timeline_0" frame="8" z_index="9" m_a="1.000000" m_b="0.000000" m_c="0.000000" m_d="1.000000" m_tx="-127.000000" m_ty="-161.000000"/>
  </frame>
  <frame idx="800" w="308" h="348" x="-25.000000" y="-62.000000">
   <element name="pickled_food" layername="timeline_0" frame="8" z_index="9" m_a="1.000000" m_b="0.000000" m_c="0.000000" m_d="1.000000" m_tx="-127.000000" m_ty="-161.000000"/>
  </frame>
  <frame idx="825" w="308" h="348" x="-25.000000" y="-62.000000">
   <element name="pickled_food" layername="timeline_0" frame="8" z_index="9" m_a="1.000000" m_b="0.000000" m_c="0.000000" m_d="1.000000" m_tx="-127.000000" m_ty="-161.000000"/>
  </frame>
  <frame idx="850" w="308" h="348" x="-25.000000" y="-62.000000">
   <element name="pickled_food" layername="timeline_0" frame="8" z_index="9" m_a="1.000000" m_b="0.000000" m_c="0.000000" m_d="1.000000" m_tx="-127.000000" m_ty="-161.000000"/>
  </frame>
  <frame idx="875" w="308" h="348" x="-25.000000" y="-62.000000">
   <element name="pickled_food" layername="timeline_0" frame="8" z_index="9" m_a="1.000000" m_b="0.000000" m_c="0.000000" m_d="1.000000" m_tx="-127.000000" m_ty="-161.000000"/>
  </frame>
  <frame idx="900" w="308" h="348" x="-25.000000" y="-62.000000">
   <element name="pickled_food" layername="timeline_0" frame="8" z_index="9" m_a="1.000000" m_b="0.000000" m_c="0.000000" m_d="1.000000" m_tx="-127.000000" m_ty="-161.000000"/>
  </frame>
  <frame idx="925" w="308" h="348" x="-25.000000" y="-62.000000">
   <element name="pickled_food" layername="timeline_0" frame="8" z_index="9" m_a="1.000000" m_b="0.000000" m_c="0.000000" m_d="1.000000" m_tx="-127.000000" m_ty="-161.000000"/>
  </frame>
  <frame idx="950" w="308" h="348" x="-25.000000" y="-62.000000">
   <element name="pickled_food" layername="timeline_0" frame="8" z_index="9" m_a="1.000000" m_b="0.000000" m_c="0.000000" m_d="1.000000" m_tx="-127.000000" m_ty="-161.000000"/>
  </frame>
  <frame idx="975" w="308" h="348" x="-25.000000" y="-62.000000">
   <element name="pickled_food" layername="timeline_0" frame="8" z_index="9" m_a="1.000000" m_b="0.000000" m_c="0.000000" m_d="1.000000" m_tx="-127.000000" m_ty="-161.000000"/>
  </frame>
 </anim>
</Anims>
