<Anims>
 <anim name="cooked" root="cabbage" numframes="1000" framerate="40">
  <frame idx="0" w="308" h="382" x="-22.000000" y="-90.000000">
   <element name="cabbage" layername="timeline_0" frame="1" z_index="3" m_a="1.000000" m_b="0.000000" m_c="0.000000" m_d="1.000000" m_tx="-124.000000" m_ty="-186.000000"/>
  </frame>
  <frame idx="25" w="308" h="382" x="-22.000000" y="-90.000000">
   <element name="cabbage" layername="timeline_0" frame="1" z_index="3" m_a="1.000000" m_b="0.000000" m_c="0.000000" m_d="1.000000" m_tx="-124.000000" m_ty="-186.000000"/>
  </frame>
  <frame idx="50" w="308" h="382" x="-22.000000" y="-90.000000">
   <element name="cabbage" layername="timeline_0" frame="1" z_index="3" m_a="1.000000" m_b="0.000000" m_c="0.000000" m_d="1.000000" m_tx="-124.000000" m_ty="-186.000000"/>
  </frame>
  <frame idx="75" w="308" h="382" x="-22.000000" y="-90.000000">
   <element name="cabbage" layername="timeline_0" frame="1" z_index="3" m_a="1.000000" m_b="0.000000" m_c="0.000000" m_d="1.000000" m_tx="-124.000000" m_ty="-186.000000"/>
  </frame>
  <frame idx="100" w="308" h="382" x="-22.000000" y="-90.000000">
   <element name="cabbage" layername="timeline_0" frame="1" z_index="3" m_a="1.000000" m_b="0.000000" m_c="0.000000" m_d="1.000000" m_tx="-124.000000" m_ty="-186.000000"/>
  </frame>
  <frame idx="125" w="308" h="382" x="-22.000000" y="-90.000000">
   <element name="cabbage" layername="timeline_0" frame="1" z_index="3" m_a="1.000000" m_b="0.000000" m_c="0.000000" m_d="1.000000" m_tx="-124.000000" m_ty="-186.000000"/>
  </frame>
  <frame idx="150" w="308" h="382" x="-22.000000" y="-90.000000">
   <element name="cabbage" layername="timeline_0" frame="1" z_index="3" m_a="1.000000" m_b="0.000000" m_c="0.000000" m_d="1.000000" m_tx="-124.000000" m_ty="-186.000000"/>
  </frame>
  <frame idx="175" w="308" h="382" x="-22.000000" y="-90.000000">
   <element name="cabbage" layername="timeline_0" frame="1" z_index="3" m_a="1.000000" m_b="0.000000" m_c="0.000000" m_d="1.000000" m_tx="-124.000000" m_ty="-186.000000"/>
  </frame>
  <frame idx="200" w="308" h="382" x="-22.000000" y="-90.000000">
   <element name="cabbage" layername="timeline_0" frame="1" z_index="3" m_a="1.000000" m_b="0.000000" m_c="0.000000" m_d="1.000000" m_tx="-124.000000" m_ty="-186.000000"/>
  </frame>
  <frame idx="225" w="308" h="382" x="-22.000000" y="-90.000000">
   <element name="cabbage" layername="timeline_0" frame="1" z_index="3" m_a="1.000000" m_b="0.000000" m_c="0.000000" m_d="1.000000" m_tx="-124.000000" m_ty="-186.000000"/>
  </frame>
  <frame idx="250" w="308" h="382" x="-22.000000" y="-90.000000">
   <element name="cabbage" layername="timeline_0" frame="1" z_index="3" m_a="1.000000" m_b="0.000000" m_c="0.000000" m_d="1.000000" m_tx="-124.000000" m_ty="-186.000000"/>
  </frame>
  <frame idx="275" w="308" h="382" x="-22.000000" y="-90.000000">
   <element name="cabbage" layername="timeline_0" frame="1" z_index="3" m_a="1.000000" m_b="0.000000" m_c="0.000000" m_d="1.000000" m_tx="-124.000000" m_ty="-186.000000"/>
  </frame>
  <frame idx="300" w="308" h="382" x="-22.000000" y="-90.000000">
   <element name="cabbage" layername="timeline_0" frame="1" z_index="3" m_a="1.000000" m_b="0.000000" m_c="0.000000" m_d="1.000000" m_tx="-124.000000" m_ty="-186.000000"/>
  </frame>
  <frame idx="325" w="308" h="382" x="-22.000000" y="-90.000000">
   <element name="cabbage" layername="timeline_0" frame="1" z_index="3" m_a="1.000000" m_b="0.000000" m_c="0.000000" m_d="1.000000" m_tx="-124.000000" m_ty="-186.000000"/>
  </frame>
  <frame idx="350" w="308" h="382" x="-22.000000" y="-90.000000">
   <element name="cabbage" layername="timeline_0" frame="1" z_index="3" m_a="1.000000" m_b="0.000000" m_c="0.000000" m_d="1.000000" m_tx="-124.000000" m_ty="-186.000000"/>
  </frame>
  <frame idx="375" w="308" h="382" x="-22.000000" y="-90.000000">
   <element name="cabbage" layername="timeline_0" frame="1" z_index="3" m_a="1.000000" m_b="0.000000" m_c="0.000000" m_d="1.000000" m_tx="-124.000000" m_ty="-186.000000"/>
  </frame>
  <frame idx="400" w="308" h="382" x="-22.000000" y="-90.000000">
   <element name="cabbage" layername="timeline_0" frame="1" z_index="3" m_a="1.000000" m_b="0.000000" m_c="0.000000" m_d="1.000000" m_tx="-124.000000" m_ty="-186.000000"/>
  </frame>
  <frame idx="425" w="308" h="382" x="-22.000000" y="-90.000000">
   <element name="cabbage" layername="timeline_0" frame="1" z_index="3" m_a="1.000000" m_b="0.000000" m_c="0.000000" m_d="1.000000" m_tx="-124.000000" m_ty="-186.000000"/>
  </frame>
  <frame idx="450" w="308" h="382" x="-22.000000" y="-90.000000">
   <element name="cabbage" layername="timeline_0" frame="1" z_index="3" m_a="1.000000" m_b="0.000000" m_c="0.000000" m_d="1.000000" m_tx="-124.000000" m_ty="-186.000000"/>
  </frame>
  <frame idx="475" w="308" h="382" x="-22.000000" y="-90.000000">
   <element name="cabbage" layername="timeline_0" frame="1" z_index="3" m_a="1.000000" m_b="0.000000" m_c="0.000000" m_d="1.000000" m_tx="-124.000000" m_ty="-186.000000"/>
  </frame>
  <frame idx="500" w="308" h="382" x="-22.000000" y="-90.000000">
   <element name="cabbage" layername="timeline_0" frame="1" z_index="3" m_a="1.000000" m_b="0.000000" m_c="0.000000" m_d="1.000000" m_tx="-124.000000" m_ty="-186.000000"/>
  </frame>
  <frame idx="525" w="308" h="382" x="-22.000000" y="-90.000000">
   <element name="cabbage" layername="timeline_0" frame="1" z_index="3" m_a="1.000000" m_b="0.000000" m_c="0.000000" m_d="1.000000" m_tx="-124.000000" m_ty="-186.000000"/>
  </frame>
  <frame idx="550" w="308" h="382" x="-22.000000" y="-90.000000">
   <element name="cabbage" layername="timeline_0" frame="1" z_index="3" m_a="1.000000" m_b="0.000000" m_c="0.000000" m_d="1.000000" m_tx="-124.000000" m_ty="-186.000000"/>
  </frame>
  <frame idx="575" w="308" h="382" x="-22.000000" y="-90.000000">
   <element name="cabbage" layername="timeline_0" frame="1" z_index="3" m_a="1.000000" m_b="0.000000" m_c="0.000000" m_d="1.000000" m_tx="-124.000000" m_ty="-186.000000"/>
  </frame>
  <frame idx="600" w="308" h="382" x="-22.000000" y="-90.000000">
   <element name="cabbage" layername="timeline_0" frame="1" z_index="3" m_a="1.000000" m_b="0.000000" m_c="0.000000" m_d="1.000000" m_tx="-124.000000" m_ty="-186.000000"/>
  </frame>
  <frame idx="625" w="308" h="382" x="-22.000000" y="-90.000000">
   <element name="cabbage" layername="timeline_0" frame="1" z_index="3" m_a="1.000000" m_b="0.000000" m_c="0.000000" m_d="1.000000" m_tx="-124.000000" m_ty="-186.000000"/>
  </frame>
  <frame idx="650" w="308" h="382" x="-22.000000" y="-90.000000">
   <element name="cabbage" layername="timeline_0" frame="1" z_index="3" m_a="1.000000" m_b="0.000000" m_c="0.000000" m_d="1.000000" m_tx="-124.000000" m_ty="-186.000000"/>
  </frame>
  <frame idx="675" w="308" h="382" x="-22.000000" y="-90.000000">
   <element name="cabbage" layername="timeline_0" frame="1" z_index="3" m_a="1.000000" m_b="0.000000" m_c="0.000000" m_d="1.000000" m_tx="-124.000000" m_ty="-186.000000"/>
  </frame>
  <frame idx="700" w="308" h="382" x="-22.000000" y="-90.000000">
   <element name="cabbage" layername="timeline_0" frame="1" z_index="3" m_a="1.000000" m_b="0.000000" m_c="0.000000" m_d="1.000000" m_tx="-124.000000" m_ty="-186.000000"/>
  </frame>
  <frame idx="725" w="308" h="382" x="-22.000000" y="-90.000000">
   <element name="cabbage" layername="timeline_0" frame="1" z_index="3" m_a="1.000000" m_b="0.000000" m_c="0.000000" m_d="1.000000" m_tx="-124.000000" m_ty="-186.000000"/>
  </frame>
  <frame idx="750" w="308" h="382" x="-22.000000" y="-90.000000">
   <element name="cabbage" layername="timeline_0" frame="1" z_index="3" m_a="1.000000" m_b="0.000000" m_c="0.000000" m_d="1.000000" m_tx="-124.000000" m_ty="-186.000000"/>
  </frame>
  <frame idx="775" w="308" h="382" x="-22.000000" y="-90.000000">
   <element name="cabbage" layername="timeline_0" frame="1" z_index="3" m_a="1.000000" m_b="0.000000" m_c="0.000000" m_d="1.000000" m_tx="-124.000000" m_ty="-186.000000"/>
  </frame>
  <frame idx="800" w="308" h="382" x="-22.000000" y="-90.000000">
   <element name="cabbage" layername="timeline_0" frame="1" z_index="3" m_a="1.000000" m_b="0.000000" m_c="0.000000" m_d="1.000000" m_tx="-124.000000" m_ty="-186.000000"/>
  </frame>
  <frame idx="825" w="308" h="382" x="-22.000000" y="-90.000000">
   <element name="cabbage" layername="timeline_0" frame="1" z_index="3" m_a="1.000000" m_b="0.000000" m_c="0.000000" m_d="1.000000" m_tx="-124.000000" m_ty="-186.000000"/>
  </frame>
  <frame idx="850" w="308" h="382" x="-22.000000" y="-90.000000">
   <element name="cabbage" layername="timeline_0" frame="1" z_index="3" m_a="1.000000" m_b="0.000000" m_c="0.000000" m_d="1.000000" m_tx="-124.000000" m_ty="-186.000000"/>
  </frame>
  <frame idx="875" w="308" h="382" x="-22.000000" y="-90.000000">
   <element name="cabbage" layername="timeline_0" frame="1" z_index="3" m_a="1.000000" m_b="0.000000" m_c="0.000000" m_d="1.000000" m_tx="-124.000000" m_ty="-186.000000"/>
  </frame>
  <frame idx="900" w="308" h="382" x="-22.000000" y="-90.000000">
   <element name="cabbage" layername="timeline_0" frame="1" z_index="3" m_a="1.000000" m_b="0.000000" m_c="0.000000" m_d="1.000000" m_tx="-124.000000" m_ty="-186.000000"/>
  </frame>
  <frame idx="925" w="308" h="382" x="-22.000000" y="-90.000000">
   <element name="cabbage" layername="timeline_0" frame="1" z_index="3" m_a="1.000000" m_b="0.000000" m_c="0.000000" m_d="1.000000" m_tx="-124.000000" m_ty="-186.000000"/>
  </frame>
  <frame idx="950" w="308" h="382" x="-22.000000" y="-90.000000">
   <element name="cabbage" layername="timeline_0" frame="1" z_index="3" m_a="1.000000" m_b="0.000000" m_c="0.000000" m_d="1.000000" m_tx="-124.000000" m_ty="-186.000000"/>
  </frame>
  <frame idx="975" w="308" h="382" x="-22.000000" y="-90.000000">
   <element name="cabbage" layername="timeline_0" frame="1" z_index="3" m_a="1.000000" m_b="0.000000" m_c="0.000000" m_d="1.000000" m_tx="-124.000000" m_ty="-186.000000"/>
  </frame>
 </anim>
 <anim name="idle" root="cabbage" numframes="1000" framerate="40">
  <frame idx="0" w="308" h="358" x="-22.000000" y="-68.000000">
   <element name="cabbage" layername="timeline_0" frame="0" z_index="3" m_a="1.000000" m_b="0.000000" m_c="0.000000" m_d="1.000000" m_tx="-124.000000" m_ty="-166.000000"/>
  </frame>
  <frame idx="25" w="308" h="358" x="-22.000000" y="-68.000000">
   <element name="cabbage" layername="timeline_0" frame="0" z_index="3" m_a="1.000000" m_b="0.000000" m_c="0.000000" m_d="1.000000" m_tx="-124.000000" m_ty="-166.000000"/>
  </frame>
  <frame idx="50" w="308" h="358" x="-22.000000" y="-68.000000">
   <element name="cabbage" layername="timeline_0" frame="0" z_index="3" m_a="1.000000" m_b="0.000000" m_c="0.000000" m_d="1.000000" m_tx="-124.000000" m_ty="-166.000000"/>
  </frame>
  <frame idx="75" w="308" h="358" x="-22.000000" y="-68.000000">
   <element name="cabbage" layername="timeline_0" frame="0" z_index="3" m_a="1.000000" m_b="0.000000" m_c="0.000000" m_d="1.000000" m_tx="-124.000000" m_ty="-166.000000"/>
  </frame>
  <frame idx="100" w="308" h="358" x="-22.000000" y="-68.000000">
   <element name="cabbage" layername="timeline_0" frame="0" z_index="3" m_a="1.000000" m_b="0.000000" m_c="0.000000" m_d="1.000000" m_tx="-124.000000" m_ty="-166.000000"/>
  </frame>
  <frame idx="125" w="308" h="358" x="-22.000000" y="-68.000000">
   <element name="cabbage" layername="timeline_0" frame="0" z_index="3" m_a="1.000000" m_b="0.000000" m_c="0.000000" m_d="1.000000" m_tx="-124.000000" m_ty="-166.000000"/>
  </frame>
  <frame idx="150" w="308" h="358" x="-22.000000" y="-68.000000">
   <element name="cabbage" layername="timeline_0" frame="0" z_index="3" m_a="1.000000" m_b="0.000000" m_c="0.000000" m_d="1.000000" m_tx="-124.000000" m_ty="-166.000000"/>
  </frame>
  <frame idx="175" w="308" h="358" x="-22.000000" y="-68.000000">
   <element name="cabbage" layername="timeline_0" frame="0" z_index="3" m_a="1.000000" m_b="0.000000" m_c="0.000000" m_d="1.000000" m_tx="-124.000000" m_ty="-166.000000"/>
  </frame>
  <frame idx="200" w="308" h="358" x="-22.000000" y="-68.000000">
   <element name="cabbage" layername="timeline_0" frame="0" z_index="3" m_a="1.000000" m_b="0.000000" m_c="0.000000" m_d="1.000000" m_tx="-124.000000" m_ty="-166.000000"/>
  </frame>
  <frame idx="225" w="308" h="358" x="-22.000000" y="-68.000000">
   <element name="cabbage" layername="timeline_0" frame="0" z_index="3" m_a="1.000000" m_b="0.000000" m_c="0.000000" m_d="1.000000" m_tx="-124.000000" m_ty="-166.000000"/>
  </frame>
  <frame idx="250" w="308" h="358" x="-22.000000" y="-68.000000">
   <element name="cabbage" layername="timeline_0" frame="0" z_index="3" m_a="1.000000" m_b="0.000000" m_c="0.000000" m_d="1.000000" m_tx="-124.000000" m_ty="-166.000000"/>
  </frame>
  <frame idx="275" w="308" h="358" x="-22.000000" y="-68.000000">
   <element name="cabbage" layername="timeline_0" frame="0" z_index="3" m_a="1.000000" m_b="0.000000" m_c="0.000000" m_d="1.000000" m_tx="-124.000000" m_ty="-166.000000"/>
  </frame>
  <frame idx="300" w="308" h="358" x="-22.000000" y="-68.000000">
   <element name="cabbage" layername="timeline_0" frame="0" z_index="3" m_a="1.000000" m_b="0.000000" m_c="0.000000" m_d="1.000000" m_tx="-124.000000" m_ty="-166.000000"/>
  </frame>
  <frame idx="325" w="308" h="358" x="-22.000000" y="-68.000000">
   <element name="cabbage" layername="timeline_0" frame="0" z_index="3" m_a="1.000000" m_b="0.000000" m_c="0.000000" m_d="1.000000" m_tx="-124.000000" m_ty="-166.000000"/>
  </frame>
  <frame idx="350" w="308" h="358" x="-22.000000" y="-68.000000">
   <element name="cabbage" layername="timeline_0" frame="0" z_index="3" m_a="1.000000" m_b="0.000000" m_c="0.000000" m_d="1.000000" m_tx="-124.000000" m_ty="-166.000000"/>
  </frame>
  <frame idx="375" w="308" h="358" x="-22.000000" y="-68.000000">
   <element name="cabbage" layername="timeline_0" frame="0" z_index="3" m_a="1.000000" m_b="0.000000" m_c="0.000000" m_d="1.000000" m_tx="-124.000000" m_ty="-166.000000"/>
  </frame>
  <frame idx="400" w="308" h="358" x="-22.000000" y="-68.000000">
   <element name="cabbage" layername="timeline_0" frame="0" z_index="3" m_a="1.000000" m_b="0.000000" m_c="0.000000" m_d="1.000000" m_tx="-124.000000" m_ty="-166.000000"/>
  </frame>
  <frame idx="425" w="308" h="358" x="-22.000000" y="-68.000000">
   <element name="cabbage" layername="timeline_0" frame="0" z_index="3" m_a="1.000000" m_b="0.000000" m_c="0.000000" m_d="1.000000" m_tx="-124.000000" m_ty="-166.000000"/>
  </frame>
  <frame idx="450" w="308" h="358" x="-22.000000" y="-68.000000">
   <element name="cabbage" layername="timeline_0" frame="0" z_index="3" m_a="1.000000" m_b="0.000000" m_c="0.000000" m_d="1.000000" m_tx="-124.000000" m_ty="-166.000000"/>
  </frame>
  <frame idx="475" w="308" h="358" x="-22.000000" y="-68.000000">
   <element name="cabbage" layername="timeline_0" frame="0" z_index="3" m_a="1.000000" m_b="0.000000" m_c="0.000000" m_d="1.000000" m_tx="-124.000000" m_ty="-166.000000"/>
  </frame>
  <frame idx="500" w="308" h="358" x="-22.000000" y="-68.000000">
   <element name="cabbage" layername="timeline_0" frame="0" z_index="3" m_a="1.000000" m_b="0.000000" m_c="0.000000" m_d="1.000000" m_tx="-124.000000" m_ty="-166.000000"/>
  </frame>
  <frame idx="525" w="308" h="358" x="-22.000000" y="-68.000000">
   <element name="cabbage" layername="timeline_0" frame="0" z_index="3" m_a="1.000000" m_b="0.000000" m_c="0.000000" m_d="1.000000" m_tx="-124.000000" m_ty="-166.000000"/>
  </frame>
  <frame idx="550" w="308" h="358" x="-22.000000" y="-68.000000">
   <element name="cabbage" layername="timeline_0" frame="0" z_index="3" m_a="1.000000" m_b="0.000000" m_c="0.000000" m_d="1.000000" m_tx="-124.000000" m_ty="-166.000000"/>
  </frame>
  <frame idx="575" w="308" h="358" x="-22.000000" y="-68.000000">
   <element name="cabbage" layername="timeline_0" frame="0" z_index="3" m_a="1.000000" m_b="0.000000" m_c="0.000000" m_d="1.000000" m_tx="-124.000000" m_ty="-166.000000"/>
  </frame>
  <frame idx="600" w="308" h="358" x="-22.000000" y="-68.000000">
   <element name="cabbage" layername="timeline_0" frame="0" z_index="3" m_a="1.000000" m_b="0.000000" m_c="0.000000" m_d="1.000000" m_tx="-124.000000" m_ty="-166.000000"/>
  </frame>
  <frame idx="625" w="308" h="358" x="-22.000000" y="-68.000000">
   <element name="cabbage" layername="timeline_0" frame="0" z_index="3" m_a="1.000000" m_b="0.000000" m_c="0.000000" m_d="1.000000" m_tx="-124.000000" m_ty="-166.000000"/>
  </frame>
  <frame idx="650" w="308" h="358" x="-22.000000" y="-68.000000">
   <element name="cabbage" layername="timeline_0" frame="0" z_index="3" m_a="1.000000" m_b="0.000000" m_c="0.000000" m_d="1.000000" m_tx="-124.000000" m_ty="-166.000000"/>
  </frame>
  <frame idx="675" w="308" h="358" x="-22.000000" y="-68.000000">
   <element name="cabbage" layername="timeline_0" frame="0" z_index="3" m_a="1.000000" m_b="0.000000" m_c="0.000000" m_d="1.000000" m_tx="-124.000000" m_ty="-166.000000"/>
  </frame>
  <frame idx="700" w="308" h="358" x="-22.000000" y="-68.000000">
   <element name="cabbage" layername="timeline_0" frame="0" z_index="3" m_a="1.000000" m_b="0.000000" m_c="0.000000" m_d="1.000000" m_tx="-124.000000" m_ty="-166.000000"/>
  </frame>
  <frame idx="725" w="308" h="358" x="-22.000000" y="-68.000000">
   <element name="cabbage" layername="timeline_0" frame="0" z_index="3" m_a="1.000000" m_b="0.000000" m_c="0.000000" m_d="1.000000" m_tx="-124.000000" m_ty="-166.000000"/>
  </frame>
  <frame idx="750" w="308" h="358" x="-22.000000" y="-68.000000">
   <element name="cabbage" layername="timeline_0" frame="0" z_index="3" m_a="1.000000" m_b="0.000000" m_c="0.000000" m_d="1.000000" m_tx="-124.000000" m_ty="-166.000000"/>
  </frame>
  <frame idx="775" w="308" h="358" x="-22.000000" y="-68.000000">
   <element name="cabbage" layername="timeline_0" frame="0" z_index="3" m_a="1.000000" m_b="0.000000" m_c="0.000000" m_d="1.000000" m_tx="-124.000000" m_ty="-166.000000"/>
  </frame>
  <frame idx="800" w="308" h="358" x="-22.000000" y="-68.000000">
   <element name="cabbage" layername="timeline_0" frame="0" z_index="3" m_a="1.000000" m_b="0.000000" m_c="0.000000" m_d="1.000000" m_tx="-124.000000" m_ty="-166.000000"/>
  </frame>
  <frame idx="825" w="308" h="358" x="-22.000000" y="-68.000000">
   <element name="cabbage" layername="timeline_0" frame="0" z_index="3" m_a="1.000000" m_b="0.000000" m_c="0.000000" m_d="1.000000" m_tx="-124.000000" m_ty="-166.000000"/>
  </frame>
  <frame idx="850" w="308" h="358" x="-22.000000" y="-68.000000">
   <element name="cabbage" layername="timeline_0" frame="0" z_index="3" m_a="1.000000" m_b="0.000000" m_c="0.000000" m_d="1.000000" m_tx="-124.000000" m_ty="-166.000000"/>
  </frame>
  <frame idx="875" w="308" h="358" x="-22.000000" y="-68.000000">
   <element name="cabbage" layername="timeline_0" frame="0" z_index="3" m_a="1.000000" m_b="0.000000" m_c="0.000000" m_d="1.000000" m_tx="-124.000000" m_ty="-166.000000"/>
  </frame>
  <frame idx="900" w="308" h="358" x="-22.000000" y="-68.000000">
   <element name="cabbage" layername="timeline_0" frame="0" z_index="3" m_a="1.000000" m_b="0.000000" m_c="0.000000" m_d="1.000000" m_tx="-124.000000" m_ty="-166.000000"/>
  </frame>
  <frame idx="925" w="308" h="358" x="-22.000000" y="-68.000000">
   <element name="cabbage" layername="timeline_0" frame="0" z_index="3" m_a="1.000000" m_b="0.000000" m_c="0.000000" m_d="1.000000" m_tx="-124.000000" m_ty="-166.000000"/>
  </frame>
  <frame idx="950" w="308" h="358" x="-22.000000" y="-68.000000">
   <element name="cabbage" layername="timeline_0" frame="0" z_index="3" m_a="1.000000" m_b="0.000000" m_c="0.000000" m_d="1.000000" m_tx="-124.000000" m_ty="-166.000000"/>
  </frame>
  <frame idx="975" w="308" h="358" x="-22.000000" y="-68.000000">
   <element name="cabbage" layername="timeline_0" frame="0" z_index="3" m_a="1.000000" m_b="0.000000" m_c="0.000000" m_d="1.000000" m_tx="-124.000000" m_ty="-166.000000"/>
  </frame>
 </anim>
 <anim name="idle" root="cabbage01" numframes="1000" framerate="40">
  <frame idx="0" w="247" h="386" x="-19.500000" y="-147.000000">
   <element name="cabbage01" layername="timeline_0" frame="0" z_index="3" m_a="1.000000" m_b="0.000000" m_c="0.000000" m_d="1.000000" m_tx="-101.000000" m_ty="-217.000000"/>
  </frame>
  <frame idx="25" w="247" h="386" x="-19.500000" y="-147.000000">
   <element name="cabbage01" layername="timeline_0" frame="0" z_index="3" m_a="1.000000" m_b="0.000000" m_c="0.000000" m_d="1.000000" m_tx="-101.000000" m_ty="-217.000000"/>
  </frame>
  <frame idx="50" w="247" h="386" x="-19.500000" y="-147.000000">
   <element name="cabbage01" layername="timeline_0" frame="0" z_index="3" m_a="1.000000" m_b="0.000000" m_c="0.000000" m_d="1.000000" m_tx="-101.000000" m_ty="-217.000000"/>
  </frame>
  <frame idx="75" w="247" h="386" x="-19.500000" y="-147.000000">
   <element name="cabbage01" layername="timeline_0" frame="0" z_index="3" m_a="1.000000" m_b="0.000000" m_c="0.000000" m_d="1.000000" m_tx="-101.000000" m_ty="-217.000000"/>
  </frame>
  <frame idx="100" w="247" h="386" x="-19.500000" y="-147.000000">
   <element name="cabbage01" layername="timeline_0" frame="0" z_index="3" m_a="1.000000" m_b="0.000000" m_c="0.000000" m_d="1.000000" m_tx="-101.000000" m_ty="-217.000000"/>
  </frame>
  <frame idx="125" w="247" h="386" x="-19.500000" y="-147.000000">
   <element name="cabbage01" layername="timeline_0" frame="0" z_index="3" m_a="1.000000" m_b="0.000000" m_c="0.000000" m_d="1.000000" m_tx="-101.000000" m_ty="-217.000000"/>
  </frame>
  <frame idx="150" w="247" h="386" x="-19.500000" y="-147.000000">
   <element name="cabbage01" layername="timeline_0" frame="0" z_index="3" m_a="1.000000" m_b="0.000000" m_c="0.000000" m_d="1.000000" m_tx="-101.000000" m_ty="-217.000000"/>
  </frame>
  <frame idx="175" w="247" h="386" x="-19.500000" y="-147.000000">
   <element name="cabbage01" layername="timeline_0" frame="0" z_index="3" m_a="1.000000" m_b="0.000000" m_c="0.000000" m_d="1.000000" m_tx="-101.000000" m_ty="-217.000000"/>
  </frame>
  <frame idx="200" w="247" h="386" x="-19.500000" y="-147.000000">
   <element name="cabbage01" layername="timeline_0" frame="0" z_index="3" m_a="1.000000" m_b="0.000000" m_c="0.000000" m_d="1.000000" m_tx="-101.000000" m_ty="-217.000000"/>
  </frame>
  <frame idx="225" w="247" h="386" x="-19.500000" y="-147.000000">
   <element name="cabbage01" layername="timeline_0" frame="0" z_index="3" m_a="1.000000" m_b="0.000000" m_c="0.000000" m_d="1.000000" m_tx="-101.000000" m_ty="-217.000000"/>
  </frame>
  <frame idx="250" w="247" h="386" x="-19.500000" y="-147.000000">
   <element name="cabbage01" layername="timeline_0" frame="0" z_index="3" m_a="1.000000" m_b="0.000000" m_c="0.000000" m_d="1.000000" m_tx="-101.000000" m_ty="-217.000000"/>
  </frame>
  <frame idx="275" w="247" h="386" x="-19.500000" y="-147.000000">
   <element name="cabbage01" layername="timeline_0" frame="0" z_index="3" m_a="1.000000" m_b="0.000000" m_c="0.000000" m_d="1.000000" m_tx="-101.000000" m_ty="-217.000000"/>
  </frame>
  <frame idx="300" w="247" h="386" x="-19.500000" y="-147.000000">
   <element name="cabbage01" layername="timeline_0" frame="0" z_index="3" m_a="1.000000" m_b="0.000000" m_c="0.000000" m_d="1.000000" m_tx="-101.000000" m_ty="-217.000000"/>
  </frame>
  <frame idx="325" w="247" h="386" x="-19.500000" y="-147.000000">
   <element name="cabbage01" layername="timeline_0" frame="0" z_index="3" m_a="1.000000" m_b="0.000000" m_c="0.000000" m_d="1.000000" m_tx="-101.000000" m_ty="-217.000000"/>
  </frame>
  <frame idx="350" w="247" h="386" x="-19.500000" y="-147.000000">
   <element name="cabbage01" layername="timeline_0" frame="0" z_index="3" m_a="1.000000" m_b="0.000000" m_c="0.000000" m_d="1.000000" m_tx="-101.000000" m_ty="-217.000000"/>
  </frame>
  <frame idx="375" w="247" h="386" x="-19.500000" y="-147.000000">
   <element name="cabbage01" layername="timeline_0" frame="0" z_index="3" m_a="1.000000" m_b="0.000000" m_c="0.000000" m_d="1.000000" m_tx="-101.000000" m_ty="-217.000000"/>
  </frame>
  <frame idx="400" w="247" h="386" x="-19.500000" y="-147.000000">
   <element name="cabbage01" layername="timeline_0" frame="0" z_index="3" m_a="1.000000" m_b="0.000000" m_c="0.000000" m_d="1.000000" m_tx="-101.000000" m_ty="-217.000000"/>
  </frame>
  <frame idx="425" w="247" h="386" x="-19.500000" y="-147.000000">
   <element name="cabbage01" layername="timeline_0" frame="0" z_index="3" m_a="1.000000" m_b="0.000000" m_c="0.000000" m_d="1.000000" m_tx="-101.000000" m_ty="-217.000000"/>
  </frame>
  <frame idx="450" w="247" h="386" x="-19.500000" y="-147.000000">
   <element name="cabbage01" layername="timeline_0" frame="0" z_index="3" m_a="1.000000" m_b="0.000000" m_c="0.000000" m_d="1.000000" m_tx="-101.000000" m_ty="-217.000000"/>
  </frame>
  <frame idx="475" w="247" h="386" x="-19.500000" y="-147.000000">
   <element name="cabbage01" layername="timeline_0" frame="0" z_index="3" m_a="1.000000" m_b="0.000000" m_c="0.000000" m_d="1.000000" m_tx="-101.000000" m_ty="-217.000000"/>
  </frame>
  <frame idx="500" w="247" h="386" x="-19.500000" y="-147.000000">
   <element name="cabbage01" layername="timeline_0" frame="0" z_index="3" m_a="1.000000" m_b="0.000000" m_c="0.000000" m_d="1.000000" m_tx="-101.000000" m_ty="-217.000000"/>
  </frame>
  <frame idx="525" w="247" h="386" x="-19.500000" y="-147.000000">
   <element name="cabbage01" layername="timeline_0" frame="0" z_index="3" m_a="1.000000" m_b="0.000000" m_c="0.000000" m_d="1.000000" m_tx="-101.000000" m_ty="-217.000000"/>
  </frame>
  <frame idx="550" w="247" h="386" x="-19.500000" y="-147.000000">
   <element name="cabbage01" layername="timeline_0" frame="0" z_index="3" m_a="1.000000" m_b="0.000000" m_c="0.000000" m_d="1.000000" m_tx="-101.000000" m_ty="-217.000000"/>
  </frame>
  <frame idx="575" w="247" h="386" x="-19.500000" y="-147.000000">
   <element name="cabbage01" layername="timeline_0" frame="0" z_index="3" m_a="1.000000" m_b="0.000000" m_c="0.000000" m_d="1.000000" m_tx="-101.000000" m_ty="-217.000000"/>
  </frame>
  <frame idx="600" w="247" h="386" x="-19.500000" y="-147.000000">
   <element name="cabbage01" layername="timeline_0" frame="0" z_index="3" m_a="1.000000" m_b="0.000000" m_c="0.000000" m_d="1.000000" m_tx="-101.000000" m_ty="-217.000000"/>
  </frame>
  <frame idx="625" w="247" h="386" x="-19.500000" y="-147.000000">
   <element name="cabbage01" layername="timeline_0" frame="0" z_index="3" m_a="1.000000" m_b="0.000000" m_c="0.000000" m_d="1.000000" m_tx="-101.000000" m_ty="-217.000000"/>
  </frame>
  <frame idx="650" w="247" h="386" x="-19.500000" y="-147.000000">
   <element name="cabbage01" layername="timeline_0" frame="0" z_index="3" m_a="1.000000" m_b="0.000000" m_c="0.000000" m_d="1.000000" m_tx="-101.000000" m_ty="-217.000000"/>
  </frame>
  <frame idx="675" w="247" h="386" x="-19.500000" y="-147.000000">
   <element name="cabbage01" layername="timeline_0" frame="0" z_index="3" m_a="1.000000" m_b="0.000000" m_c="0.000000" m_d="1.000000" m_tx="-101.000000" m_ty="-217.000000"/>
  </frame>
  <frame idx="700" w="247" h="386" x="-19.500000" y="-147.000000">
   <element name="cabbage01" layername="timeline_0" frame="0" z_index="3" m_a="1.000000" m_b="0.000000" m_c="0.000000" m_d="1.000000" m_tx="-101.000000" m_ty="-217.000000"/>
  </frame>
  <frame idx="725" w="247" h="386" x="-19.500000" y="-147.000000">
   <element name="cabbage01" layername="timeline_0" frame="0" z_index="3" m_a="1.000000" m_b="0.000000" m_c="0.000000" m_d="1.000000" m_tx="-101.000000" m_ty="-217.000000"/>
  </frame>
  <frame idx="750" w="247" h="386" x="-19.500000" y="-147.000000">
   <element name="cabbage01" layername="timeline_0" frame="0" z_index="3" m_a="1.000000" m_b="0.000000" m_c="0.000000" m_d="1.000000" m_tx="-101.000000" m_ty="-217.000000"/>
  </frame>
  <frame idx="775" w="247" h="386" x="-19.500000" y="-147.000000">
   <element name="cabbage01" layername="timeline_0" frame="0" z_index="3" m_a="1.000000" m_b="0.000000" m_c="0.000000" m_d="1.000000" m_tx="-101.000000" m_ty="-217.000000"/>
  </frame>
  <frame idx="800" w="247" h="386" x="-19.500000" y="-147.000000">
   <element name="cabbage01" layername="timeline_0" frame="0" z_index="3" m_a="1.000000" m_b="0.000000" m_c="0.000000" m_d="1.000000" m_tx="-101.000000" m_ty="-217.000000"/>
  </frame>
  <frame idx="825" w="247" h="386" x="-19.500000" y="-147.000000">
   <element name="cabbage01" layername="timeline_0" frame="0" z_index="3" m_a="1.000000" m_b="0.000000" m_c="0.000000" m_d="1.000000" m_tx="-101.000000" m_ty="-217.000000"/>
  </frame>
  <frame idx="850" w="247" h="386" x="-19.500000" y="-147.000000">
   <element name="cabbage01" layername="timeline_0" frame="0" z_index="3" m_a="1.000000" m_b="0.000000" m_c="0.000000" m_d="1.000000" m_tx="-101.000000" m_ty="-217.000000"/>
  </frame>
  <frame idx="875" w="247" h="386" x="-19.500000" y="-147.000000">
   <element name="cabbage01" layername="timeline_0" frame="0" z_index="3" m_a="1.000000" m_b="0.000000" m_c="0.000000" m_d="1.000000" m_tx="-101.000000" m_ty="-217.000000"/>
  </frame>
  <frame idx="900" w="247" h="386" x="-19.500000" y="-147.000000">
   <element name="cabbage01" layername="timeline_0" frame="0" z_index="3" m_a="1.000000" m_b="0.000000" m_c="0.000000" m_d="1.000000" m_tx="-101.000000" m_ty="-217.000000"/>
  </frame>
  <frame idx="925" w="247" h="386" x="-19.500000" y="-147.000000">
   <element name="cabbage01" layername="timeline_0" frame="0" z_index="3" m_a="1.000000" m_b="0.000000" m_c="0.000000" m_d="1.000000" m_tx="-101.000000" m_ty="-217.000000"/>
  </frame>
  <frame idx="950" w="247" h="386" x="-19.500000" y="-147.000000">
   <element name="cabbage01" layername="timeline_0" frame="0" z_index="3" m_a="1.000000" m_b="0.000000" m_c="0.000000" m_d="1.000000" m_tx="-101.000000" m_ty="-217.000000"/>
  </frame>
  <frame idx="975" w="247" h="386" x="-19.500000" y="-147.000000">
   <element name="cabbage01" layername="timeline_0" frame="0" z_index="3" m_a="1.000000" m_b="0.000000" m_c="0.000000" m_d="1.000000" m_tx="-101.000000" m_ty="-217.000000"/>
  </frame>
 </anim>
</Anims>
