<Anims>
 <anim name="planted" root="beet" numframes="1000" framerate="40">
  <frame idx="0" w="256" h="256" x="0.000000" y="0.000000">
   <element name="beet" layername="timeline_0" frame="3" z_index="5" m_a="1.000000" m_b="0.000000" m_c="0.000000" m_d="1.000000" m_tx="-3.000000" m_ty="-43.000000"/>
  </frame>
  <frame idx="25" w="256" h="256" x="0.000000" y="0.000000">
   <element name="beet" layername="timeline_0" frame="3" z_index="5" m_a="1.000000" m_b="0.000000" m_c="0.000000" m_d="1.000000" m_tx="-3.000000" m_ty="-43.000000"/>
  </frame>
  <frame idx="50" w="256" h="256" x="0.000000" y="0.000000">
   <element name="beet" layername="timeline_0" frame="3" z_index="5" m_a="1.000000" m_b="0.000000" m_c="0.000000" m_d="1.000000" m_tx="-3.000000" m_ty="-43.000000"/>
  </frame>
  <frame idx="75" w="256" h="256" x="0.000000" y="0.000000">
   <element name="beet" layername="timeline_0" frame="3" z_index="5" m_a="1.000000" m_b="0.000000" m_c="0.000000" m_d="1.000000" m_tx="-3.000000" m_ty="-43.000000"/>
  </frame>
  <frame idx="100" w="256" h="256" x="0.000000" y="0.000000">
   <element name="beet" layername="timeline_0" frame="3" z_index="5" m_a="1.000000" m_b="0.000000" m_c="0.000000" m_d="1.000000" m_tx="-3.000000" m_ty="-43.000000"/>
  </frame>
  <frame idx="125" w="256" h="256" x="0.000000" y="0.000000">
   <element name="beet" layername="timeline_0" frame="3" z_index="5" m_a="1.000000" m_b="0.000000" m_c="0.000000" m_d="1.000000" m_tx="-3.000000" m_ty="-43.000000"/>
  </frame>
  <frame idx="150" w="256" h="256" x="0.000000" y="0.000000">
   <element name="beet" layername="timeline_0" frame="3" z_index="5" m_a="1.000000" m_b="0.000000" m_c="0.000000" m_d="1.000000" m_tx="-3.000000" m_ty="-43.000000"/>
  </frame>
  <frame idx="175" w="256" h="256" x="0.000000" y="0.000000">
   <element name="beet" layername="timeline_0" frame="3" z_index="5" m_a="1.000000" m_b="0.000000" m_c="0.000000" m_d="1.000000" m_tx="-3.000000" m_ty="-43.000000"/>
  </frame>
  <frame idx="200" w="256" h="256" x="0.000000" y="0.000000">
   <element name="beet" layername="timeline_0" frame="3" z_index="5" m_a="1.000000" m_b="0.000000" m_c="0.000000" m_d="1.000000" m_tx="-3.000000" m_ty="-43.000000"/>
  </frame>
  <frame idx="225" w="256" h="256" x="0.000000" y="0.000000">
   <element name="beet" layername="timeline_0" frame="3" z_index="5" m_a="1.000000" m_b="0.000000" m_c="0.000000" m_d="1.000000" m_tx="-3.000000" m_ty="-43.000000"/>
  </frame>
  <frame idx="250" w="256" h="256" x="0.000000" y="0.000000">
   <element name="beet" layername="timeline_0" frame="3" z_index="5" m_a="1.000000" m_b="0.000000" m_c="0.000000" m_d="1.000000" m_tx="-3.000000" m_ty="-43.000000"/>
  </frame>
  <frame idx="275" w="256" h="256" x="0.000000" y="0.000000">
   <element name="beet" layername="timeline_0" frame="3" z_index="5" m_a="1.000000" m_b="0.000000" m_c="0.000000" m_d="1.000000" m_tx="-3.000000" m_ty="-43.000000"/>
  </frame>
  <frame idx="300" w="256" h="256" x="0.000000" y="0.000000">
   <element name="beet" layername="timeline_0" frame="3" z_index="5" m_a="1.000000" m_b="0.000000" m_c="0.000000" m_d="1.000000" m_tx="-3.000000" m_ty="-43.000000"/>
  </frame>
  <frame idx="325" w="256" h="256" x="0.000000" y="0.000000">
   <element name="beet" layername="timeline_0" frame="3" z_index="5" m_a="1.000000" m_b="0.000000" m_c="0.000000" m_d="1.000000" m_tx="-3.000000" m_ty="-43.000000"/>
  </frame>
  <frame idx="350" w="256" h="256" x="0.000000" y="0.000000">
   <element name="beet" layername="timeline_0" frame="3" z_index="5" m_a="1.000000" m_b="0.000000" m_c="0.000000" m_d="1.000000" m_tx="-3.000000" m_ty="-43.000000"/>
  </frame>
  <frame idx="375" w="256" h="256" x="0.000000" y="0.000000">
   <element name="beet" layername="timeline_0" frame="3" z_index="5" m_a="1.000000" m_b="0.000000" m_c="0.000000" m_d="1.000000" m_tx="-3.000000" m_ty="-43.000000"/>
  </frame>
  <frame idx="400" w="256" h="256" x="0.000000" y="0.000000">
   <element name="beet" layername="timeline_0" frame="3" z_index="5" m_a="1.000000" m_b="0.000000" m_c="0.000000" m_d="1.000000" m_tx="-3.000000" m_ty="-43.000000"/>
  </frame>
  <frame idx="425" w="256" h="256" x="0.000000" y="0.000000">
   <element name="beet" layername="timeline_0" frame="3" z_index="5" m_a="1.000000" m_b="0.000000" m_c="0.000000" m_d="1.000000" m_tx="-3.000000" m_ty="-43.000000"/>
  </frame>
  <frame idx="450" w="256" h="256" x="0.000000" y="0.000000">
   <element name="beet" layername="timeline_0" frame="3" z_index="5" m_a="1.000000" m_b="0.000000" m_c="0.000000" m_d="1.000000" m_tx="-3.000000" m_ty="-43.000000"/>
  </frame>
  <frame idx="475" w="256" h="256" x="0.000000" y="0.000000">
   <element name="beet" layername="timeline_0" frame="3" z_index="5" m_a="1.000000" m_b="0.000000" m_c="0.000000" m_d="1.000000" m_tx="-3.000000" m_ty="-43.000000"/>
  </frame>
  <frame idx="500" w="256" h="256" x="0.000000" y="0.000000">
   <element name="beet" layername="timeline_0" frame="3" z_index="5" m_a="1.000000" m_b="0.000000" m_c="0.000000" m_d="1.000000" m_tx="-3.000000" m_ty="-43.000000"/>
  </frame>
  <frame idx="525" w="256" h="256" x="0.000000" y="0.000000">
   <element name="beet" layername="timeline_0" frame="3" z_index="5" m_a="1.000000" m_b="0.000000" m_c="0.000000" m_d="1.000000" m_tx="-3.000000" m_ty="-43.000000"/>
  </frame>
  <frame idx="550" w="256" h="256" x="0.000000" y="0.000000">
   <element name="beet" layername="timeline_0" frame="3" z_index="5" m_a="1.000000" m_b="0.000000" m_c="0.000000" m_d="1.000000" m_tx="-3.000000" m_ty="-43.000000"/>
  </frame>
  <frame idx="575" w="256" h="256" x="0.000000" y="0.000000">
   <element name="beet" layername="timeline_0" frame="3" z_index="5" m_a="1.000000" m_b="0.000000" m_c="0.000000" m_d="1.000000" m_tx="-3.000000" m_ty="-43.000000"/>
  </frame>
  <frame idx="600" w="256" h="256" x="0.000000" y="0.000000">
   <element name="beet" layername="timeline_0" frame="3" z_index="5" m_a="1.000000" m_b="0.000000" m_c="0.000000" m_d="1.000000" m_tx="-3.000000" m_ty="-43.000000"/>
  </frame>
  <frame idx="625" w="256" h="256" x="0.000000" y="0.000000">
   <element name="beet" layername="timeline_0" frame="3" z_index="5" m_a="1.000000" m_b="0.000000" m_c="0.000000" m_d="1.000000" m_tx="-3.000000" m_ty="-43.000000"/>
  </frame>
  <frame idx="650" w="256" h="256" x="0.000000" y="0.000000">
   <element name="beet" layername="timeline_0" frame="3" z_index="5" m_a="1.000000" m_b="0.000000" m_c="0.000000" m_d="1.000000" m_tx="-3.000000" m_ty="-43.000000"/>
  </frame>
  <frame idx="675" w="256" h="256" x="0.000000" y="0.000000">
   <element name="beet" layername="timeline_0" frame="3" z_index="5" m_a="1.000000" m_b="0.000000" m_c="0.000000" m_d="1.000000" m_tx="-3.000000" m_ty="-43.000000"/>
  </frame>
  <frame idx="700" w="256" h="256" x="0.000000" y="0.000000">
   <element name="beet" layername="timeline_0" frame="3" z_index="5" m_a="1.000000" m_b="0.000000" m_c="0.000000" m_d="1.000000" m_tx="-3.000000" m_ty="-43.000000"/>
  </frame>
  <frame idx="725" w="256" h="256" x="0.000000" y="0.000000">
   <element name="beet" layername="timeline_0" frame="3" z_index="5" m_a="1.000000" m_b="0.000000" m_c="0.000000" m_d="1.000000" m_tx="-3.000000" m_ty="-43.000000"/>
  </frame>
  <frame idx="750" w="256" h="256" x="0.000000" y="0.000000">
   <element name="beet" layername="timeline_0" frame="3" z_index="5" m_a="1.000000" m_b="0.000000" m_c="0.000000" m_d="1.000000" m_tx="-3.000000" m_ty="-43.000000"/>
  </frame>
  <frame idx="775" w="256" h="256" x="0.000000" y="0.000000">
   <element name="beet" layername="timeline_0" frame="3" z_index="5" m_a="1.000000" m_b="0.000000" m_c="0.000000" m_d="1.000000" m_tx="-3.000000" m_ty="-43.000000"/>
  </frame>
  <frame idx="800" w="256" h="256" x="0.000000" y="0.000000">
   <element name="beet" layername="timeline_0" frame="3" z_index="5" m_a="1.000000" m_b="0.000000" m_c="0.000000" m_d="1.000000" m_tx="-3.000000" m_ty="-43.000000"/>
  </frame>
  <frame idx="825" w="256" h="256" x="0.000000" y="0.000000">
   <element name="beet" layername="timeline_0" frame="3" z_index="5" m_a="1.000000" m_b="0.000000" m_c="0.000000" m_d="1.000000" m_tx="-3.000000" m_ty="-43.000000"/>
  </frame>
  <frame idx="850" w="256" h="256" x="0.000000" y="0.000000">
   <element name="beet" layername="timeline_0" frame="3" z_index="5" m_a="1.000000" m_b="0.000000" m_c="0.000000" m_d="1.000000" m_tx="-3.000000" m_ty="-43.000000"/>
  </frame>
  <frame idx="875" w="256" h="256" x="0.000000" y="0.000000">
   <element name="beet" layername="timeline_0" frame="3" z_index="5" m_a="1.000000" m_b="0.000000" m_c="0.000000" m_d="1.000000" m_tx="-3.000000" m_ty="-43.000000"/>
  </frame>
  <frame idx="900" w="256" h="256" x="0.000000" y="0.000000">
   <element name="beet" layername="timeline_0" frame="3" z_index="5" m_a="1.000000" m_b="0.000000" m_c="0.000000" m_d="1.000000" m_tx="-3.000000" m_ty="-43.000000"/>
  </frame>
  <frame idx="925" w="256" h="256" x="0.000000" y="0.000000">
   <element name="beet" layername="timeline_0" frame="3" z_index="5" m_a="1.000000" m_b="0.000000" m_c="0.000000" m_d="1.000000" m_tx="-3.000000" m_ty="-43.000000"/>
  </frame>
  <frame idx="950" w="256" h="256" x="0.000000" y="0.000000">
   <element name="beet" layername="timeline_0" frame="3" z_index="5" m_a="1.000000" m_b="0.000000" m_c="0.000000" m_d="1.000000" m_tx="-3.000000" m_ty="-43.000000"/>
  </frame>
  <frame idx="975" w="256" h="256" x="0.000000" y="0.000000">
   <element name="beet" layername="timeline_0" frame="3" z_index="5" m_a="1.000000" m_b="0.000000" m_c="0.000000" m_d="1.000000" m_tx="-3.000000" m_ty="-43.000000"/>
  </frame>
 </anim>
 <anim name="cooked" root="beet" numframes="1000" framerate="40">
  <frame idx="0" w="256" h="256" x="0.000000" y="0.000000">
   <element name="beet" layername="timeline_0" frame="2" z_index="5" m_a="0.600000" m_b="0.000000" m_c="0.000000" m_d="0.600000" m_tx="-0.199997" m_ty="-45.199997"/>
  </frame>
  <frame idx="25" w="256" h="256" x="0.000000" y="0.000000">
   <element name="beet" layername="timeline_0" frame="2" z_index="5" m_a="0.600000" m_b="0.000000" m_c="0.000000" m_d="0.600000" m_tx="-0.199997" m_ty="-45.199997"/>
  </frame>
  <frame idx="50" w="256" h="256" x="0.000000" y="0.000000">
   <element name="beet" layername="timeline_0" frame="2" z_index="5" m_a="0.600000" m_b="0.000000" m_c="0.000000" m_d="0.600000" m_tx="-0.199997" m_ty="-45.199997"/>
  </frame>
  <frame idx="75" w="256" h="256" x="0.000000" y="0.000000">
   <element name="beet" layername="timeline_0" frame="2" z_index="5" m_a="0.600000" m_b="0.000000" m_c="0.000000" m_d="0.600000" m_tx="-0.199997" m_ty="-45.199997"/>
  </frame>
  <frame idx="100" w="256" h="256" x="0.000000" y="0.000000">
   <element name="beet" layername="timeline_0" frame="2" z_index="5" m_a="0.600000" m_b="0.000000" m_c="0.000000" m_d="0.600000" m_tx="-0.199997" m_ty="-45.199997"/>
  </frame>
  <frame idx="125" w="256" h="256" x="0.000000" y="0.000000">
   <element name="beet" layername="timeline_0" frame="2" z_index="5" m_a="0.600000" m_b="0.000000" m_c="0.000000" m_d="0.600000" m_tx="-0.199997" m_ty="-45.199997"/>
  </frame>
  <frame idx="150" w="256" h="256" x="0.000000" y="0.000000">
   <element name="beet" layername="timeline_0" frame="2" z_index="5" m_a="0.600000" m_b="0.000000" m_c="0.000000" m_d="0.600000" m_tx="-0.199997" m_ty="-45.199997"/>
  </frame>
  <frame idx="175" w="256" h="256" x="0.000000" y="0.000000">
   <element name="beet" layername="timeline_0" frame="2" z_index="5" m_a="0.600000" m_b="0.000000" m_c="0.000000" m_d="0.600000" m_tx="-0.199997" m_ty="-45.199997"/>
  </frame>
  <frame idx="200" w="256" h="256" x="0.000000" y="0.000000">
   <element name="beet" layername="timeline_0" frame="2" z_index="5" m_a="0.600000" m_b="0.000000" m_c="0.000000" m_d="0.600000" m_tx="-0.199997" m_ty="-45.199997"/>
  </frame>
  <frame idx="225" w="256" h="256" x="0.000000" y="0.000000">
   <element name="beet" layername="timeline_0" frame="2" z_index="5" m_a="0.600000" m_b="0.000000" m_c="0.000000" m_d="0.600000" m_tx="-0.199997" m_ty="-45.199997"/>
  </frame>
  <frame idx="250" w="256" h="256" x="0.000000" y="0.000000">
   <element name="beet" layername="timeline_0" frame="2" z_index="5" m_a="0.600000" m_b="0.000000" m_c="0.000000" m_d="0.600000" m_tx="-0.199997" m_ty="-45.199997"/>
  </frame>
  <frame idx="275" w="256" h="256" x="0.000000" y="0.000000">
   <element name="beet" layername="timeline_0" frame="2" z_index="5" m_a="0.600000" m_b="0.000000" m_c="0.000000" m_d="0.600000" m_tx="-0.199997" m_ty="-45.199997"/>
  </frame>
  <frame idx="300" w="256" h="256" x="0.000000" y="0.000000">
   <element name="beet" layername="timeline_0" frame="2" z_index="5" m_a="0.600000" m_b="0.000000" m_c="0.000000" m_d="0.600000" m_tx="-0.199997" m_ty="-45.199997"/>
  </frame>
  <frame idx="325" w="256" h="256" x="0.000000" y="0.000000">
   <element name="beet" layername="timeline_0" frame="2" z_index="5" m_a="0.600000" m_b="0.000000" m_c="0.000000" m_d="0.600000" m_tx="-0.199997" m_ty="-45.199997"/>
  </frame>
  <frame idx="350" w="256" h="256" x="0.000000" y="0.000000">
   <element name="beet" layername="timeline_0" frame="2" z_index="5" m_a="0.600000" m_b="0.000000" m_c="0.000000" m_d="0.600000" m_tx="-0.199997" m_ty="-45.199997"/>
  </frame>
  <frame idx="375" w="256" h="256" x="0.000000" y="0.000000">
   <element name="beet" layername="timeline_0" frame="2" z_index="5" m_a="0.600000" m_b="0.000000" m_c="0.000000" m_d="0.600000" m_tx="-0.199997" m_ty="-45.199997"/>
  </frame>
  <frame idx="400" w="256" h="256" x="0.000000" y="0.000000">
   <element name="beet" layername="timeline_0" frame="2" z_index="5" m_a="0.600000" m_b="0.000000" m_c="0.000000" m_d="0.600000" m_tx="-0.199997" m_ty="-45.199997"/>
  </frame>
  <frame idx="425" w="256" h="256" x="0.000000" y="0.000000">
   <element name="beet" layername="timeline_0" frame="2" z_index="5" m_a="0.600000" m_b="0.000000" m_c="0.000000" m_d="0.600000" m_tx="-0.199997" m_ty="-45.199997"/>
  </frame>
  <frame idx="450" w="256" h="256" x="0.000000" y="0.000000">
   <element name="beet" layername="timeline_0" frame="2" z_index="5" m_a="0.600000" m_b="0.000000" m_c="0.000000" m_d="0.600000" m_tx="-0.199997" m_ty="-45.199997"/>
  </frame>
  <frame idx="475" w="256" h="256" x="0.000000" y="0.000000">
   <element name="beet" layername="timeline_0" frame="2" z_index="5" m_a="0.600000" m_b="0.000000" m_c="0.000000" m_d="0.600000" m_tx="-0.199997" m_ty="-45.199997"/>
  </frame>
  <frame idx="500" w="256" h="256" x="0.000000" y="0.000000">
   <element name="beet" layername="timeline_0" frame="2" z_index="5" m_a="0.600000" m_b="0.000000" m_c="0.000000" m_d="0.600000" m_tx="-0.199997" m_ty="-45.199997"/>
  </frame>
  <frame idx="525" w="256" h="256" x="0.000000" y="0.000000">
   <element name="beet" layername="timeline_0" frame="2" z_index="5" m_a="0.600000" m_b="0.000000" m_c="0.000000" m_d="0.600000" m_tx="-0.199997" m_ty="-45.199997"/>
  </frame>
  <frame idx="550" w="256" h="256" x="0.000000" y="0.000000">
   <element name="beet" layername="timeline_0" frame="2" z_index="5" m_a="0.600000" m_b="0.000000" m_c="0.000000" m_d="0.600000" m_tx="-0.199997" m_ty="-45.199997"/>
  </frame>
  <frame idx="575" w="256" h="256" x="0.000000" y="0.000000">
   <element name="beet" layername="timeline_0" frame="2" z_index="5" m_a="0.600000" m_b="0.000000" m_c="0.000000" m_d="0.600000" m_tx="-0.199997" m_ty="-45.199997"/>
  </frame>
  <frame idx="600" w="256" h="256" x="0.000000" y="0.000000">
   <element name="beet" layername="timeline_0" frame="2" z_index="5" m_a="0.600000" m_b="0.000000" m_c="0.000000" m_d="0.600000" m_tx="-0.199997" m_ty="-45.199997"/>
  </frame>
  <frame idx="625" w="256" h="256" x="0.000000" y="0.000000">
   <element name="beet" layername="timeline_0" frame="2" z_index="5" m_a="0.600000" m_b="0.000000" m_c="0.000000" m_d="0.600000" m_tx="-0.199997" m_ty="-45.199997"/>
  </frame>
  <frame idx="650" w="256" h="256" x="0.000000" y="0.000000">
   <element name="beet" layername="timeline_0" frame="2" z_index="5" m_a="0.600000" m_b="0.000000" m_c="0.000000" m_d="0.600000" m_tx="-0.199997" m_ty="-45.199997"/>
  </frame>
  <frame idx="675" w="256" h="256" x="0.000000" y="0.000000">
   <element name="beet" layername="timeline_0" frame="2" z_index="5" m_a="0.600000" m_b="0.000000" m_c="0.000000" m_d="0.600000" m_tx="-0.199997" m_ty="-45.199997"/>
  </frame>
  <frame idx="700" w="256" h="256" x="0.000000" y="0.000000">
   <element name="beet" layername="timeline_0" frame="2" z_index="5" m_a="0.600000" m_b="0.000000" m_c="0.000000" m_d="0.600000" m_tx="-0.199997" m_ty="-45.199997"/>
  </frame>
  <frame idx="725" w="256" h="256" x="0.000000" y="0.000000">
   <element name="beet" layername="timeline_0" frame="2" z_index="5" m_a="0.600000" m_b="0.000000" m_c="0.000000" m_d="0.600000" m_tx="-0.199997" m_ty="-45.199997"/>
  </frame>
  <frame idx="750" w="256" h="256" x="0.000000" y="0.000000">
   <element name="beet" layername="timeline_0" frame="2" z_index="5" m_a="0.600000" m_b="0.000000" m_c="0.000000" m_d="0.600000" m_tx="-0.199997" m_ty="-45.199997"/>
  </frame>
  <frame idx="775" w="256" h="256" x="0.000000" y="0.000000">
   <element name="beet" layername="timeline_0" frame="2" z_index="5" m_a="0.600000" m_b="0.000000" m_c="0.000000" m_d="0.600000" m_tx="-0.199997" m_ty="-45.199997"/>
  </frame>
  <frame idx="800" w="256" h="256" x="0.000000" y="0.000000">
   <element name="beet" layername="timeline_0" frame="2" z_index="5" m_a="0.600000" m_b="0.000000" m_c="0.000000" m_d="0.600000" m_tx="-0.199997" m_ty="-45.199997"/>
  </frame>
  <frame idx="825" w="256" h="256" x="0.000000" y="0.000000">
   <element name="beet" layername="timeline_0" frame="2" z_index="5" m_a="0.600000" m_b="0.000000" m_c="0.000000" m_d="0.600000" m_tx="-0.199997" m_ty="-45.199997"/>
  </frame>
  <frame idx="850" w="256" h="256" x="0.000000" y="0.000000">
   <element name="beet" layername="timeline_0" frame="2" z_index="5" m_a="0.600000" m_b="0.000000" m_c="0.000000" m_d="0.600000" m_tx="-0.199997" m_ty="-45.199997"/>
  </frame>
  <frame idx="875" w="256" h="256" x="0.000000" y="0.000000">
   <element name="beet" layername="timeline_0" frame="2" z_index="5" m_a="0.600000" m_b="0.000000" m_c="0.000000" m_d="0.600000" m_tx="-0.199997" m_ty="-45.199997"/>
  </frame>
  <frame idx="900" w="256" h="256" x="0.000000" y="0.000000">
   <element name="beet" layername="timeline_0" frame="2" z_index="5" m_a="0.600000" m_b="0.000000" m_c="0.000000" m_d="0.600000" m_tx="-0.199997" m_ty="-45.199997"/>
  </frame>
  <frame idx="925" w="256" h="256" x="0.000000" y="0.000000">
   <element name="beet" layername="timeline_0" frame="2" z_index="5" m_a="0.600000" m_b="0.000000" m_c="0.000000" m_d="0.600000" m_tx="-0.199997" m_ty="-45.199997"/>
  </frame>
  <frame idx="950" w="256" h="256" x="0.000000" y="0.000000">
   <element name="beet" layername="timeline_0" frame="2" z_index="5" m_a="0.600000" m_b="0.000000" m_c="0.000000" m_d="0.600000" m_tx="-0.199997" m_ty="-45.199997"/>
  </frame>
  <frame idx="975" w="256" h="256" x="0.000000" y="0.000000">
   <element name="beet" layername="timeline_0" frame="2" z_index="5" m_a="0.600000" m_b="0.000000" m_c="0.000000" m_d="0.600000" m_tx="-0.199997" m_ty="-45.199997"/>
  </frame>
 </anim>
 <anim name="pickled" root="beet" numframes="1000" framerate="40">
  <frame idx="0" w="256" h="256" x="0.000000" y="0.000000">
   <element name="beet" layername="timeline_0" frame="1" z_index="5" m_a="1.000000" m_b="0.000000" m_c="0.000000" m_d="1.000000" m_tx="-3.000000" m_ty="-44.000000"/>
  </frame>
  <frame idx="25" w="256" h="256" x="0.000000" y="0.000000">
   <element name="beet" layername="timeline_0" frame="1" z_index="5" m_a="1.000000" m_b="0.000000" m_c="0.000000" m_d="1.000000" m_tx="-3.000000" m_ty="-44.000000"/>
  </frame>
  <frame idx="50" w="256" h="256" x="0.000000" y="0.000000">
   <element name="beet" layername="timeline_0" frame="1" z_index="5" m_a="1.000000" m_b="0.000000" m_c="0.000000" m_d="1.000000" m_tx="-3.000000" m_ty="-44.000000"/>
  </frame>
  <frame idx="75" w="256" h="256" x="0.000000" y="0.000000">
   <element name="beet" layername="timeline_0" frame="1" z_index="5" m_a="1.000000" m_b="0.000000" m_c="0.000000" m_d="1.000000" m_tx="-3.000000" m_ty="-44.000000"/>
  </frame>
  <frame idx="100" w="256" h="256" x="0.000000" y="0.000000">
   <element name="beet" layername="timeline_0" frame="1" z_index="5" m_a="1.000000" m_b="0.000000" m_c="0.000000" m_d="1.000000" m_tx="-3.000000" m_ty="-44.000000"/>
  </frame>
  <frame idx="125" w="256" h="256" x="0.000000" y="0.000000">
   <element name="beet" layername="timeline_0" frame="1" z_index="5" m_a="1.000000" m_b="0.000000" m_c="0.000000" m_d="1.000000" m_tx="-3.000000" m_ty="-44.000000"/>
  </frame>
  <frame idx="150" w="256" h="256" x="0.000000" y="0.000000">
   <element name="beet" layername="timeline_0" frame="1" z_index="5" m_a="1.000000" m_b="0.000000" m_c="0.000000" m_d="1.000000" m_tx="-3.000000" m_ty="-44.000000"/>
  </frame>
  <frame idx="175" w="256" h="256" x="0.000000" y="0.000000">
   <element name="beet" layername="timeline_0" frame="1" z_index="5" m_a="1.000000" m_b="0.000000" m_c="0.000000" m_d="1.000000" m_tx="-3.000000" m_ty="-44.000000"/>
  </frame>
  <frame idx="200" w="256" h="256" x="0.000000" y="0.000000">
   <element name="beet" layername="timeline_0" frame="1" z_index="5" m_a="1.000000" m_b="0.000000" m_c="0.000000" m_d="1.000000" m_tx="-3.000000" m_ty="-44.000000"/>
  </frame>
  <frame idx="225" w="256" h="256" x="0.000000" y="0.000000">
   <element name="beet" layername="timeline_0" frame="1" z_index="5" m_a="1.000000" m_b="0.000000" m_c="0.000000" m_d="1.000000" m_tx="-3.000000" m_ty="-44.000000"/>
  </frame>
  <frame idx="250" w="256" h="256" x="0.000000" y="0.000000">
   <element name="beet" layername="timeline_0" frame="1" z_index="5" m_a="1.000000" m_b="0.000000" m_c="0.000000" m_d="1.000000" m_tx="-3.000000" m_ty="-44.000000"/>
  </frame>
  <frame idx="275" w="256" h="256" x="0.000000" y="0.000000">
   <element name="beet" layername="timeline_0" frame="1" z_index="5" m_a="1.000000" m_b="0.000000" m_c="0.000000" m_d="1.000000" m_tx="-3.000000" m_ty="-44.000000"/>
  </frame>
  <frame idx="300" w="256" h="256" x="0.000000" y="0.000000">
   <element name="beet" layername="timeline_0" frame="1" z_index="5" m_a="1.000000" m_b="0.000000" m_c="0.000000" m_d="1.000000" m_tx="-3.000000" m_ty="-44.000000"/>
  </frame>
  <frame idx="325" w="256" h="256" x="0.000000" y="0.000000">
   <element name="beet" layername="timeline_0" frame="1" z_index="5" m_a="1.000000" m_b="0.000000" m_c="0.000000" m_d="1.000000" m_tx="-3.000000" m_ty="-44.000000"/>
  </frame>
  <frame idx="350" w="256" h="256" x="0.000000" y="0.000000">
   <element name="beet" layername="timeline_0" frame="1" z_index="5" m_a="1.000000" m_b="0.000000" m_c="0.000000" m_d="1.000000" m_tx="-3.000000" m_ty="-44.000000"/>
  </frame>
  <frame idx="375" w="256" h="256" x="0.000000" y="0.000000">
   <element name="beet" layername="timeline_0" frame="1" z_index="5" m_a="1.000000" m_b="0.000000" m_c="0.000000" m_d="1.000000" m_tx="-3.000000" m_ty="-44.000000"/>
  </frame>
  <frame idx="400" w="256" h="256" x="0.000000" y="0.000000">
   <element name="beet" layername="timeline_0" frame="1" z_index="5" m_a="1.000000" m_b="0.000000" m_c="0.000000" m_d="1.000000" m_tx="-3.000000" m_ty="-44.000000"/>
  </frame>
  <frame idx="425" w="256" h="256" x="0.000000" y="0.000000">
   <element name="beet" layername="timeline_0" frame="1" z_index="5" m_a="1.000000" m_b="0.000000" m_c="0.000000" m_d="1.000000" m_tx="-3.000000" m_ty="-44.000000"/>
  </frame>
  <frame idx="450" w="256" h="256" x="0.000000" y="0.000000">
   <element name="beet" layername="timeline_0" frame="1" z_index="5" m_a="1.000000" m_b="0.000000" m_c="0.000000" m_d="1.000000" m_tx="-3.000000" m_ty="-44.000000"/>
  </frame>
  <frame idx="475" w="256" h="256" x="0.000000" y="0.000000">
   <element name="beet" layername="timeline_0" frame="1" z_index="5" m_a="1.000000" m_b="0.000000" m_c="0.000000" m_d="1.000000" m_tx="-3.000000" m_ty="-44.000000"/>
  </frame>
  <frame idx="500" w="256" h="256" x="0.000000" y="0.000000">
   <element name="beet" layername="timeline_0" frame="1" z_index="5" m_a="1.000000" m_b="0.000000" m_c="0.000000" m_d="1.000000" m_tx="-3.000000" m_ty="-44.000000"/>
  </frame>
  <frame idx="525" w="256" h="256" x="0.000000" y="0.000000">
   <element name="beet" layername="timeline_0" frame="1" z_index="5" m_a="1.000000" m_b="0.000000" m_c="0.000000" m_d="1.000000" m_tx="-3.000000" m_ty="-44.000000"/>
  </frame>
  <frame idx="550" w="256" h="256" x="0.000000" y="0.000000">
   <element name="beet" layername="timeline_0" frame="1" z_index="5" m_a="1.000000" m_b="0.000000" m_c="0.000000" m_d="1.000000" m_tx="-3.000000" m_ty="-44.000000"/>
  </frame>
  <frame idx="575" w="256" h="256" x="0.000000" y="0.000000">
   <element name="beet" layername="timeline_0" frame="1" z_index="5" m_a="1.000000" m_b="0.000000" m_c="0.000000" m_d="1.000000" m_tx="-3.000000" m_ty="-44.000000"/>
  </frame>
  <frame idx="600" w="256" h="256" x="0.000000" y="0.000000">
   <element name="beet" layername="timeline_0" frame="1" z_index="5" m_a="1.000000" m_b="0.000000" m_c="0.000000" m_d="1.000000" m_tx="-3.000000" m_ty="-44.000000"/>
  </frame>
  <frame idx="625" w="256" h="256" x="0.000000" y="0.000000">
   <element name="beet" layername="timeline_0" frame="1" z_index="5" m_a="1.000000" m_b="0.000000" m_c="0.000000" m_d="1.000000" m_tx="-3.000000" m_ty="-44.000000"/>
  </frame>
  <frame idx="650" w="256" h="256" x="0.000000" y="0.000000">
   <element name="beet" layername="timeline_0" frame="1" z_index="5" m_a="1.000000" m_b="0.000000" m_c="0.000000" m_d="1.000000" m_tx="-3.000000" m_ty="-44.000000"/>
  </frame>
  <frame idx="675" w="256" h="256" x="0.000000" y="0.000000">
   <element name="beet" layername="timeline_0" frame="1" z_index="5" m_a="1.000000" m_b="0.000000" m_c="0.000000" m_d="1.000000" m_tx="-3.000000" m_ty="-44.000000"/>
  </frame>
  <frame idx="700" w="256" h="256" x="0.000000" y="0.000000">
   <element name="beet" layername="timeline_0" frame="1" z_index="5" m_a="1.000000" m_b="0.000000" m_c="0.000000" m_d="1.000000" m_tx="-3.000000" m_ty="-44.000000"/>
  </frame>
  <frame idx="725" w="256" h="256" x="0.000000" y="0.000000">
   <element name="beet" layername="timeline_0" frame="1" z_index="5" m_a="1.000000" m_b="0.000000" m_c="0.000000" m_d="1.000000" m_tx="-3.000000" m_ty="-44.000000"/>
  </frame>
  <frame idx="750" w="256" h="256" x="0.000000" y="0.000000">
   <element name="beet" layername="timeline_0" frame="1" z_index="5" m_a="1.000000" m_b="0.000000" m_c="0.000000" m_d="1.000000" m_tx="-3.000000" m_ty="-44.000000"/>
  </frame>
  <frame idx="775" w="256" h="256" x="0.000000" y="0.000000">
   <element name="beet" layername="timeline_0" frame="1" z_index="5" m_a="1.000000" m_b="0.000000" m_c="0.000000" m_d="1.000000" m_tx="-3.000000" m_ty="-44.000000"/>
  </frame>
  <frame idx="800" w="256" h="256" x="0.000000" y="0.000000">
   <element name="beet" layername="timeline_0" frame="1" z_index="5" m_a="1.000000" m_b="0.000000" m_c="0.000000" m_d="1.000000" m_tx="-3.000000" m_ty="-44.000000"/>
  </frame>
  <frame idx="825" w="256" h="256" x="0.000000" y="0.000000">
   <element name="beet" layername="timeline_0" frame="1" z_index="5" m_a="1.000000" m_b="0.000000" m_c="0.000000" m_d="1.000000" m_tx="-3.000000" m_ty="-44.000000"/>
  </frame>
  <frame idx="850" w="256" h="256" x="0.000000" y="0.000000">
   <element name="beet" layername="timeline_0" frame="1" z_index="5" m_a="1.000000" m_b="0.000000" m_c="0.000000" m_d="1.000000" m_tx="-3.000000" m_ty="-44.000000"/>
  </frame>
  <frame idx="875" w="256" h="256" x="0.000000" y="0.000000">
   <element name="beet" layername="timeline_0" frame="1" z_index="5" m_a="1.000000" m_b="0.000000" m_c="0.000000" m_d="1.000000" m_tx="-3.000000" m_ty="-44.000000"/>
  </frame>
  <frame idx="900" w="256" h="256" x="0.000000" y="0.000000">
   <element name="beet" layername="timeline_0" frame="1" z_index="5" m_a="1.000000" m_b="0.000000" m_c="0.000000" m_d="1.000000" m_tx="-3.000000" m_ty="-44.000000"/>
  </frame>
  <frame idx="925" w="256" h="256" x="0.000000" y="0.000000">
   <element name="beet" layername="timeline_0" frame="1" z_index="5" m_a="1.000000" m_b="0.000000" m_c="0.000000" m_d="1.000000" m_tx="-3.000000" m_ty="-44.000000"/>
  </frame>
  <frame idx="950" w="256" h="256" x="0.000000" y="0.000000">
   <element name="beet" layername="timeline_0" frame="1" z_index="5" m_a="1.000000" m_b="0.000000" m_c="0.000000" m_d="1.000000" m_tx="-3.000000" m_ty="-44.000000"/>
  </frame>
  <frame idx="975" w="256" h="256" x="0.000000" y="0.000000">
   <element name="beet" layername="timeline_0" frame="1" z_index="5" m_a="1.000000" m_b="0.000000" m_c="0.000000" m_d="1.000000" m_tx="-3.000000" m_ty="-44.000000"/>
  </frame>
 </anim>
 <anim name="idle" root="beet" numframes="1000" framerate="40">
  <frame idx="0" w="256" h="256" x="0.000000" y="0.000000">
   <element name="beet" layername="timeline_0" frame="0" z_index="5" m_a="1.000000" m_b="0.000000" m_c="0.000000" m_d="1.000000" m_tx="-4.000000" m_ty="-52.000000"/>
  </frame>
  <frame idx="25" w="256" h="256" x="0.000000" y="0.000000">
   <element name="beet" layername="timeline_0" frame="0" z_index="5" m_a="1.000000" m_b="0.000000" m_c="0.000000" m_d="1.000000" m_tx="-4.000000" m_ty="-52.000000"/>
  </frame>
  <frame idx="50" w="256" h="256" x="0.000000" y="0.000000">
   <element name="beet" layername="timeline_0" frame="0" z_index="5" m_a="1.000000" m_b="0.000000" m_c="0.000000" m_d="1.000000" m_tx="-4.000000" m_ty="-52.000000"/>
  </frame>
  <frame idx="75" w="256" h="256" x="0.000000" y="0.000000">
   <element name="beet" layername="timeline_0" frame="0" z_index="5" m_a="1.000000" m_b="0.000000" m_c="0.000000" m_d="1.000000" m_tx="-4.000000" m_ty="-52.000000"/>
  </frame>
  <frame idx="100" w="256" h="256" x="0.000000" y="0.000000">
   <element name="beet" layername="timeline_0" frame="0" z_index="5" m_a="1.000000" m_b="0.000000" m_c="0.000000" m_d="1.000000" m_tx="-4.000000" m_ty="-52.000000"/>
  </frame>
  <frame idx="125" w="256" h="256" x="0.000000" y="0.000000">
   <element name="beet" layername="timeline_0" frame="0" z_index="5" m_a="1.000000" m_b="0.000000" m_c="0.000000" m_d="1.000000" m_tx="-4.000000" m_ty="-52.000000"/>
  </frame>
  <frame idx="150" w="256" h="256" x="0.000000" y="0.000000">
   <element name="beet" layername="timeline_0" frame="0" z_index="5" m_a="1.000000" m_b="0.000000" m_c="0.000000" m_d="1.000000" m_tx="-4.000000" m_ty="-52.000000"/>
  </frame>
  <frame idx="175" w="256" h="256" x="0.000000" y="0.000000">
   <element name="beet" layername="timeline_0" frame="0" z_index="5" m_a="1.000000" m_b="0.000000" m_c="0.000000" m_d="1.000000" m_tx="-4.000000" m_ty="-52.000000"/>
  </frame>
  <frame idx="200" w="256" h="256" x="0.000000" y="0.000000">
   <element name="beet" layername="timeline_0" frame="0" z_index="5" m_a="1.000000" m_b="0.000000" m_c="0.000000" m_d="1.000000" m_tx="-4.000000" m_ty="-52.000000"/>
  </frame>
  <frame idx="225" w="256" h="256" x="0.000000" y="0.000000">
   <element name="beet" layername="timeline_0" frame="0" z_index="5" m_a="1.000000" m_b="0.000000" m_c="0.000000" m_d="1.000000" m_tx="-4.000000" m_ty="-52.000000"/>
  </frame>
  <frame idx="250" w="256" h="256" x="0.000000" y="0.000000">
   <element name="beet" layername="timeline_0" frame="0" z_index="5" m_a="1.000000" m_b="0.000000" m_c="0.000000" m_d="1.000000" m_tx="-4.000000" m_ty="-52.000000"/>
  </frame>
  <frame idx="275" w="256" h="256" x="0.000000" y="0.000000">
   <element name="beet" layername="timeline_0" frame="0" z_index="5" m_a="1.000000" m_b="0.000000" m_c="0.000000" m_d="1.000000" m_tx="-4.000000" m_ty="-52.000000"/>
  </frame>
  <frame idx="300" w="256" h="256" x="0.000000" y="0.000000">
   <element name="beet" layername="timeline_0" frame="0" z_index="5" m_a="1.000000" m_b="0.000000" m_c="0.000000" m_d="1.000000" m_tx="-4.000000" m_ty="-52.000000"/>
  </frame>
  <frame idx="325" w="256" h="256" x="0.000000" y="0.000000">
   <element name="beet" layername="timeline_0" frame="0" z_index="5" m_a="1.000000" m_b="0.000000" m_c="0.000000" m_d="1.000000" m_tx="-4.000000" m_ty="-52.000000"/>
  </frame>
  <frame idx="350" w="256" h="256" x="0.000000" y="0.000000">
   <element name="beet" layername="timeline_0" frame="0" z_index="5" m_a="1.000000" m_b="0.000000" m_c="0.000000" m_d="1.000000" m_tx="-4.000000" m_ty="-52.000000"/>
  </frame>
  <frame idx="375" w="256" h="256" x="0.000000" y="0.000000">
   <element name="beet" layername="timeline_0" frame="0" z_index="5" m_a="1.000000" m_b="0.000000" m_c="0.000000" m_d="1.000000" m_tx="-4.000000" m_ty="-52.000000"/>
  </frame>
  <frame idx="400" w="256" h="256" x="0.000000" y="0.000000">
   <element name="beet" layername="timeline_0" frame="0" z_index="5" m_a="1.000000" m_b="0.000000" m_c="0.000000" m_d="1.000000" m_tx="-4.000000" m_ty="-52.000000"/>
  </frame>
  <frame idx="425" w="256" h="256" x="0.000000" y="0.000000">
   <element name="beet" layername="timeline_0" frame="0" z_index="5" m_a="1.000000" m_b="0.000000" m_c="0.000000" m_d="1.000000" m_tx="-4.000000" m_ty="-52.000000"/>
  </frame>
  <frame idx="450" w="256" h="256" x="0.000000" y="0.000000">
   <element name="beet" layername="timeline_0" frame="0" z_index="5" m_a="1.000000" m_b="0.000000" m_c="0.000000" m_d="1.000000" m_tx="-4.000000" m_ty="-52.000000"/>
  </frame>
  <frame idx="475" w="256" h="256" x="0.000000" y="0.000000">
   <element name="beet" layername="timeline_0" frame="0" z_index="5" m_a="1.000000" m_b="0.000000" m_c="0.000000" m_d="1.000000" m_tx="-4.000000" m_ty="-52.000000"/>
  </frame>
  <frame idx="500" w="256" h="256" x="0.000000" y="0.000000">
   <element name="beet" layername="timeline_0" frame="0" z_index="5" m_a="1.000000" m_b="0.000000" m_c="0.000000" m_d="1.000000" m_tx="-4.000000" m_ty="-52.000000"/>
  </frame>
  <frame idx="525" w="256" h="256" x="0.000000" y="0.000000">
   <element name="beet" layername="timeline_0" frame="0" z_index="5" m_a="1.000000" m_b="0.000000" m_c="0.000000" m_d="1.000000" m_tx="-4.000000" m_ty="-52.000000"/>
  </frame>
  <frame idx="550" w="256" h="256" x="0.000000" y="0.000000">
   <element name="beet" layername="timeline_0" frame="0" z_index="5" m_a="1.000000" m_b="0.000000" m_c="0.000000" m_d="1.000000" m_tx="-4.000000" m_ty="-52.000000"/>
  </frame>
  <frame idx="575" w="256" h="256" x="0.000000" y="0.000000">
   <element name="beet" layername="timeline_0" frame="0" z_index="5" m_a="1.000000" m_b="0.000000" m_c="0.000000" m_d="1.000000" m_tx="-4.000000" m_ty="-52.000000"/>
  </frame>
  <frame idx="600" w="256" h="256" x="0.000000" y="0.000000">
   <element name="beet" layername="timeline_0" frame="0" z_index="5" m_a="1.000000" m_b="0.000000" m_c="0.000000" m_d="1.000000" m_tx="-4.000000" m_ty="-52.000000"/>
  </frame>
  <frame idx="625" w="256" h="256" x="0.000000" y="0.000000">
   <element name="beet" layername="timeline_0" frame="0" z_index="5" m_a="1.000000" m_b="0.000000" m_c="0.000000" m_d="1.000000" m_tx="-4.000000" m_ty="-52.000000"/>
  </frame>
  <frame idx="650" w="256" h="256" x="0.000000" y="0.000000">
   <element name="beet" layername="timeline_0" frame="0" z_index="5" m_a="1.000000" m_b="0.000000" m_c="0.000000" m_d="1.000000" m_tx="-4.000000" m_ty="-52.000000"/>
  </frame>
  <frame idx="675" w="256" h="256" x="0.000000" y="0.000000">
   <element name="beet" layername="timeline_0" frame="0" z_index="5" m_a="1.000000" m_b="0.000000" m_c="0.000000" m_d="1.000000" m_tx="-4.000000" m_ty="-52.000000"/>
  </frame>
  <frame idx="700" w="256" h="256" x="0.000000" y="0.000000">
   <element name="beet" layername="timeline_0" frame="0" z_index="5" m_a="1.000000" m_b="0.000000" m_c="0.000000" m_d="1.000000" m_tx="-4.000000" m_ty="-52.000000"/>
  </frame>
  <frame idx="725" w="256" h="256" x="0.000000" y="0.000000">
   <element name="beet" layername="timeline_0" frame="0" z_index="5" m_a="1.000000" m_b="0.000000" m_c="0.000000" m_d="1.000000" m_tx="-4.000000" m_ty="-52.000000"/>
  </frame>
  <frame idx="750" w="256" h="256" x="0.000000" y="0.000000">
   <element name="beet" layername="timeline_0" frame="0" z_index="5" m_a="1.000000" m_b="0.000000" m_c="0.000000" m_d="1.000000" m_tx="-4.000000" m_ty="-52.000000"/>
  </frame>
  <frame idx="775" w="256" h="256" x="0.000000" y="0.000000">
   <element name="beet" layername="timeline_0" frame="0" z_index="5" m_a="1.000000" m_b="0.000000" m_c="0.000000" m_d="1.000000" m_tx="-4.000000" m_ty="-52.000000"/>
  </frame>
  <frame idx="800" w="256" h="256" x="0.000000" y="0.000000">
   <element name="beet" layername="timeline_0" frame="0" z_index="5" m_a="1.000000" m_b="0.000000" m_c="0.000000" m_d="1.000000" m_tx="-4.000000" m_ty="-52.000000"/>
  </frame>
  <frame idx="825" w="256" h="256" x="0.000000" y="0.000000">
   <element name="beet" layername="timeline_0" frame="0" z_index="5" m_a="1.000000" m_b="0.000000" m_c="0.000000" m_d="1.000000" m_tx="-4.000000" m_ty="-52.000000"/>
  </frame>
  <frame idx="850" w="256" h="256" x="0.000000" y="0.000000">
   <element name="beet" layername="timeline_0" frame="0" z_index="5" m_a="1.000000" m_b="0.000000" m_c="0.000000" m_d="1.000000" m_tx="-4.000000" m_ty="-52.000000"/>
  </frame>
  <frame idx="875" w="256" h="256" x="0.000000" y="0.000000">
   <element name="beet" layername="timeline_0" frame="0" z_index="5" m_a="1.000000" m_b="0.000000" m_c="0.000000" m_d="1.000000" m_tx="-4.000000" m_ty="-52.000000"/>
  </frame>
  <frame idx="900" w="256" h="256" x="0.000000" y="0.000000">
   <element name="beet" layername="timeline_0" frame="0" z_index="5" m_a="1.000000" m_b="0.000000" m_c="0.000000" m_d="1.000000" m_tx="-4.000000" m_ty="-52.000000"/>
  </frame>
  <frame idx="925" w="256" h="256" x="0.000000" y="0.000000">
   <element name="beet" layername="timeline_0" frame="0" z_index="5" m_a="1.000000" m_b="0.000000" m_c="0.000000" m_d="1.000000" m_tx="-4.000000" m_ty="-52.000000"/>
  </frame>
  <frame idx="950" w="256" h="256" x="0.000000" y="0.000000">
   <element name="beet" layername="timeline_0" frame="0" z_index="5" m_a="1.000000" m_b="0.000000" m_c="0.000000" m_d="1.000000" m_tx="-4.000000" m_ty="-52.000000"/>
  </frame>
  <frame idx="975" w="256" h="256" x="0.000000" y="0.000000">
   <element name="beet" layername="timeline_0" frame="0" z_index="5" m_a="1.000000" m_b="0.000000" m_c="0.000000" m_d="1.000000" m_tx="-4.000000" m_ty="-52.000000"/>
  </frame>
 </anim>
 <anim name="idle" root="beet01" numframes="1000" framerate="40">
  <frame idx="0" w="256" h="256" x="0.000000" y="0.000000">
   <element name="beet01" layername="timeline_0" frame="0" z_index="5" m_a="0.800000" m_b="0.000000" m_c="0.000000" m_d="0.800000" m_tx="-4.599998" m_ty="-141.600006"/>
  </frame>
  <frame idx="25" w="256" h="256" x="0.000000" y="0.000000">
   <element name="beet01" layername="timeline_0" frame="0" z_index="5" m_a="0.800000" m_b="0.000000" m_c="0.000000" m_d="0.800000" m_tx="-4.599998" m_ty="-141.600006"/>
  </frame>
  <frame idx="50" w="256" h="256" x="0.000000" y="0.000000">
   <element name="beet01" layername="timeline_0" frame="0" z_index="5" m_a="0.800000" m_b="0.000000" m_c="0.000000" m_d="0.800000" m_tx="-4.599998" m_ty="-141.600006"/>
  </frame>
  <frame idx="75" w="256" h="256" x="0.000000" y="0.000000">
   <element name="beet01" layername="timeline_0" frame="0" z_index="5" m_a="0.800000" m_b="0.000000" m_c="0.000000" m_d="0.800000" m_tx="-4.599998" m_ty="-141.600006"/>
  </frame>
  <frame idx="100" w="256" h="256" x="0.000000" y="0.000000">
   <element name="beet01" layername="timeline_0" frame="0" z_index="5" m_a="0.800000" m_b="0.000000" m_c="0.000000" m_d="0.800000" m_tx="-4.599998" m_ty="-141.600006"/>
  </frame>
  <frame idx="125" w="256" h="256" x="0.000000" y="0.000000">
   <element name="beet01" layername="timeline_0" frame="0" z_index="5" m_a="0.800000" m_b="0.000000" m_c="0.000000" m_d="0.800000" m_tx="-4.599998" m_ty="-141.600006"/>
  </frame>
  <frame idx="150" w="256" h="256" x="0.000000" y="0.000000">
   <element name="beet01" layername="timeline_0" frame="0" z_index="5" m_a="0.800000" m_b="0.000000" m_c="0.000000" m_d="0.800000" m_tx="-4.599998" m_ty="-141.600006"/>
  </frame>
  <frame idx="175" w="256" h="256" x="0.000000" y="0.000000">
   <element name="beet01" layername="timeline_0" frame="0" z_index="5" m_a="0.800000" m_b="0.000000" m_c="0.000000" m_d="0.800000" m_tx="-4.599998" m_ty="-141.600006"/>
  </frame>
  <frame idx="200" w="256" h="256" x="0.000000" y="0.000000">
   <element name="beet01" layername="timeline_0" frame="0" z_index="5" m_a="0.800000" m_b="0.000000" m_c="0.000000" m_d="0.800000" m_tx="-4.599998" m_ty="-141.600006"/>
  </frame>
  <frame idx="225" w="256" h="256" x="0.000000" y="0.000000">
   <element name="beet01" layername="timeline_0" frame="0" z_index="5" m_a="0.800000" m_b="0.000000" m_c="0.000000" m_d="0.800000" m_tx="-4.599998" m_ty="-141.600006"/>
  </frame>
  <frame idx="250" w="256" h="256" x="0.000000" y="0.000000">
   <element name="beet01" layername="timeline_0" frame="0" z_index="5" m_a="0.800000" m_b="0.000000" m_c="0.000000" m_d="0.800000" m_tx="-4.599998" m_ty="-141.600006"/>
  </frame>
  <frame idx="275" w="256" h="256" x="0.000000" y="0.000000">
   <element name="beet01" layername="timeline_0" frame="0" z_index="5" m_a="0.800000" m_b="0.000000" m_c="0.000000" m_d="0.800000" m_tx="-4.599998" m_ty="-141.600006"/>
  </frame>
  <frame idx="300" w="256" h="256" x="0.000000" y="0.000000">
   <element name="beet01" layername="timeline_0" frame="0" z_index="5" m_a="0.800000" m_b="0.000000" m_c="0.000000" m_d="0.800000" m_tx="-4.599998" m_ty="-141.600006"/>
  </frame>
  <frame idx="325" w="256" h="256" x="0.000000" y="0.000000">
   <element name="beet01" layername="timeline_0" frame="0" z_index="5" m_a="0.800000" m_b="0.000000" m_c="0.000000" m_d="0.800000" m_tx="-4.599998" m_ty="-141.600006"/>
  </frame>
  <frame idx="350" w="256" h="256" x="0.000000" y="0.000000">
   <element name="beet01" layername="timeline_0" frame="0" z_index="5" m_a="0.800000" m_b="0.000000" m_c="0.000000" m_d="0.800000" m_tx="-4.599998" m_ty="-141.600006"/>
  </frame>
  <frame idx="375" w="256" h="256" x="0.000000" y="0.000000">
   <element name="beet01" layername="timeline_0" frame="0" z_index="5" m_a="0.800000" m_b="0.000000" m_c="0.000000" m_d="0.800000" m_tx="-4.599998" m_ty="-141.600006"/>
  </frame>
  <frame idx="400" w="256" h="256" x="0.000000" y="0.000000">
   <element name="beet01" layername="timeline_0" frame="0" z_index="5" m_a="0.800000" m_b="0.000000" m_c="0.000000" m_d="0.800000" m_tx="-4.599998" m_ty="-141.600006"/>
  </frame>
  <frame idx="425" w="256" h="256" x="0.000000" y="0.000000">
   <element name="beet01" layername="timeline_0" frame="0" z_index="5" m_a="0.800000" m_b="0.000000" m_c="0.000000" m_d="0.800000" m_tx="-4.599998" m_ty="-141.600006"/>
  </frame>
  <frame idx="450" w="256" h="256" x="0.000000" y="0.000000">
   <element name="beet01" layername="timeline_0" frame="0" z_index="5" m_a="0.800000" m_b="0.000000" m_c="0.000000" m_d="0.800000" m_tx="-4.599998" m_ty="-141.600006"/>
  </frame>
  <frame idx="475" w="256" h="256" x="0.000000" y="0.000000">
   <element name="beet01" layername="timeline_0" frame="0" z_index="5" m_a="0.800000" m_b="0.000000" m_c="0.000000" m_d="0.800000" m_tx="-4.599998" m_ty="-141.600006"/>
  </frame>
  <frame idx="500" w="256" h="256" x="0.000000" y="0.000000">
   <element name="beet01" layername="timeline_0" frame="0" z_index="5" m_a="0.800000" m_b="0.000000" m_c="0.000000" m_d="0.800000" m_tx="-4.599998" m_ty="-141.600006"/>
  </frame>
  <frame idx="525" w="256" h="256" x="0.000000" y="0.000000">
   <element name="beet01" layername="timeline_0" frame="0" z_index="5" m_a="0.800000" m_b="0.000000" m_c="0.000000" m_d="0.800000" m_tx="-4.599998" m_ty="-141.600006"/>
  </frame>
  <frame idx="550" w="256" h="256" x="0.000000" y="0.000000">
   <element name="beet01" layername="timeline_0" frame="0" z_index="5" m_a="0.800000" m_b="0.000000" m_c="0.000000" m_d="0.800000" m_tx="-4.599998" m_ty="-141.600006"/>
  </frame>
  <frame idx="575" w="256" h="256" x="0.000000" y="0.000000">
   <element name="beet01" layername="timeline_0" frame="0" z_index="5" m_a="0.800000" m_b="0.000000" m_c="0.000000" m_d="0.800000" m_tx="-4.599998" m_ty="-141.600006"/>
  </frame>
  <frame idx="600" w="256" h="256" x="0.000000" y="0.000000">
   <element name="beet01" layername="timeline_0" frame="0" z_index="5" m_a="0.800000" m_b="0.000000" m_c="0.000000" m_d="0.800000" m_tx="-4.599998" m_ty="-141.600006"/>
  </frame>
  <frame idx="625" w="256" h="256" x="0.000000" y="0.000000">
   <element name="beet01" layername="timeline_0" frame="0" z_index="5" m_a="0.800000" m_b="0.000000" m_c="0.000000" m_d="0.800000" m_tx="-4.599998" m_ty="-141.600006"/>
  </frame>
  <frame idx="650" w="256" h="256" x="0.000000" y="0.000000">
   <element name="beet01" layername="timeline_0" frame="0" z_index="5" m_a="0.800000" m_b="0.000000" m_c="0.000000" m_d="0.800000" m_tx="-4.599998" m_ty="-141.600006"/>
  </frame>
  <frame idx="675" w="256" h="256" x="0.000000" y="0.000000">
   <element name="beet01" layername="timeline_0" frame="0" z_index="5" m_a="0.800000" m_b="0.000000" m_c="0.000000" m_d="0.800000" m_tx="-4.599998" m_ty="-141.600006"/>
  </frame>
  <frame idx="700" w="256" h="256" x="0.000000" y="0.000000">
   <element name="beet01" layername="timeline_0" frame="0" z_index="5" m_a="0.800000" m_b="0.000000" m_c="0.000000" m_d="0.800000" m_tx="-4.599998" m_ty="-141.600006"/>
  </frame>
  <frame idx="725" w="256" h="256" x="0.000000" y="0.000000">
   <element name="beet01" layername="timeline_0" frame="0" z_index="5" m_a="0.800000" m_b="0.000000" m_c="0.000000" m_d="0.800000" m_tx="-4.599998" m_ty="-141.600006"/>
  </frame>
  <frame idx="750" w="256" h="256" x="0.000000" y="0.000000">
   <element name="beet01" layername="timeline_0" frame="0" z_index="5" m_a="0.800000" m_b="0.000000" m_c="0.000000" m_d="0.800000" m_tx="-4.599998" m_ty="-141.600006"/>
  </frame>
  <frame idx="775" w="256" h="256" x="0.000000" y="0.000000">
   <element name="beet01" layername="timeline_0" frame="0" z_index="5" m_a="0.800000" m_b="0.000000" m_c="0.000000" m_d="0.800000" m_tx="-4.599998" m_ty="-141.600006"/>
  </frame>
  <frame idx="800" w="256" h="256" x="0.000000" y="0.000000">
   <element name="beet01" layername="timeline_0" frame="0" z_index="5" m_a="0.800000" m_b="0.000000" m_c="0.000000" m_d="0.800000" m_tx="-4.599998" m_ty="-141.600006"/>
  </frame>
  <frame idx="825" w="256" h="256" x="0.000000" y="0.000000">
   <element name="beet01" layername="timeline_0" frame="0" z_index="5" m_a="0.800000" m_b="0.000000" m_c="0.000000" m_d="0.800000" m_tx="-4.599998" m_ty="-141.600006"/>
  </frame>
  <frame idx="850" w="256" h="256" x="0.000000" y="0.000000">
   <element name="beet01" layername="timeline_0" frame="0" z_index="5" m_a="0.800000" m_b="0.000000" m_c="0.000000" m_d="0.800000" m_tx="-4.599998" m_ty="-141.600006"/>
  </frame>
  <frame idx="875" w="256" h="256" x="0.000000" y="0.000000">
   <element name="beet01" layername="timeline_0" frame="0" z_index="5" m_a="0.800000" m_b="0.000000" m_c="0.000000" m_d="0.800000" m_tx="-4.599998" m_ty="-141.600006"/>
  </frame>
  <frame idx="900" w="256" h="256" x="0.000000" y="0.000000">
   <element name="beet01" layername="timeline_0" frame="0" z_index="5" m_a="0.800000" m_b="0.000000" m_c="0.000000" m_d="0.800000" m_tx="-4.599998" m_ty="-141.600006"/>
  </frame>
  <frame idx="925" w="256" h="256" x="0.000000" y="0.000000">
   <element name="beet01" layername="timeline_0" frame="0" z_index="5" m_a="0.800000" m_b="0.000000" m_c="0.000000" m_d="0.800000" m_tx="-4.599998" m_ty="-141.600006"/>
  </frame>
  <frame idx="950" w="256" h="256" x="0.000000" y="0.000000">
   <element name="beet01" layername="timeline_0" frame="0" z_index="5" m_a="0.800000" m_b="0.000000" m_c="0.000000" m_d="0.800000" m_tx="-4.599998" m_ty="-141.600006"/>
  </frame>
  <frame idx="975" w="256" h="256" x="0.000000" y="0.000000">
   <element name="beet01" layername="timeline_0" frame="0" z_index="5" m_a="0.800000" m_b="0.000000" m_c="0.000000" m_d="0.800000" m_tx="-4.599998" m_ty="-141.600006"/>
  </frame>
 </anim>
</Anims>
