<Anims>
 <anim name="idle" root="pickle_sword" numframes="1000" framerate="40">
  <frame idx="0" w="172" h="457" x="-16.261538" y="-157.096100">
   <element name="symbol0" layername="timeline_0" frame="0" z_index="1" m_a="0.984211" m_b="0.000000" m_c="0.000000" m_d="1.026946" m_tx="-73.116837" m_ty="-250.045181"/>
  </frame>
  <frame idx="25" w="172" h="457" x="-16.261538" y="-157.096100">
   <element name="symbol0" layername="timeline_0" frame="0" z_index="1" m_a="0.984211" m_b="0.000000" m_c="0.000000" m_d="1.026946" m_tx="-73.116837" m_ty="-250.045181"/>
  </frame>
  <frame idx="50" w="172" h="457" x="-16.261538" y="-157.096100">
   <element name="symbol0" layername="timeline_0" frame="0" z_index="1" m_a="0.984211" m_b="0.000000" m_c="0.000000" m_d="1.026946" m_tx="-73.116837" m_ty="-250.045181"/>
  </frame>
  <frame idx="75" w="172" h="457" x="-16.261538" y="-157.096100">
   <element name="symbol0" layername="timeline_0" frame="0" z_index="1" m_a="0.984211" m_b="0.000000" m_c="0.000000" m_d="1.026946" m_tx="-73.116837" m_ty="-250.045181"/>
  </frame>
  <frame idx="100" w="172" h="457" x="-16.261538" y="-157.096100">
   <element name="symbol0" layername="timeline_0" frame="0" z_index="1" m_a="0.984211" m_b="0.000000" m_c="0.000000" m_d="1.026946" m_tx="-73.116837" m_ty="-250.045181"/>
  </frame>
  <frame idx="125" w="172" h="457" x="-16.261538" y="-157.096100">
   <element name="symbol0" layername="timeline_0" frame="0" z_index="1" m_a="0.984211" m_b="0.000000" m_c="0.000000" m_d="1.026946" m_tx="-73.116837" m_ty="-250.045181"/>
  </frame>
  <frame idx="150" w="172" h="457" x="-16.261538" y="-157.096100">
   <element name="symbol0" layername="timeline_0" frame="0" z_index="1" m_a="0.984211" m_b="0.000000" m_c="0.000000" m_d="1.026946" m_tx="-73.116837" m_ty="-250.045181"/>
  </frame>
  <frame idx="175" w="172" h="457" x="-16.261538" y="-157.096100">
   <element name="symbol0" layername="timeline_0" frame="0" z_index="1" m_a="0.984211" m_b="0.000000" m_c="0.000000" m_d="1.026946" m_tx="-73.116837" m_ty="-250.045181"/>
  </frame>
  <frame idx="200" w="172" h="457" x="-16.261538" y="-157.096100">
   <element name="symbol0" layername="timeline_0" frame="0" z_index="1" m_a="0.984211" m_b="0.000000" m_c="0.000000" m_d="1.026946" m_tx="-73.116837" m_ty="-250.045181"/>
  </frame>
  <frame idx="225" w="172" h="457" x="-16.261538" y="-157.096100">
   <element name="symbol0" layername="timeline_0" frame="0" z_index="1" m_a="0.984211" m_b="0.000000" m_c="0.000000" m_d="1.026946" m_tx="-73.116837" m_ty="-250.045181"/>
  </frame>
  <frame idx="250" w="172" h="457" x="-16.261538" y="-157.096100">
   <element name="symbol0" layername="timeline_0" frame="0" z_index="1" m_a="0.984211" m_b="0.000000" m_c="0.000000" m_d="1.026946" m_tx="-73.116837" m_ty="-250.045181"/>
  </frame>
  <frame idx="275" w="172" h="457" x="-16.261538" y="-157.096100">
   <element name="symbol0" layername="timeline_0" frame="0" z_index="1" m_a="0.984211" m_b="0.000000" m_c="0.000000" m_d="1.026946" m_tx="-73.116837" m_ty="-250.045181"/>
  </frame>
  <frame idx="300" w="172" h="457" x="-16.261538" y="-157.096100">
   <element name="symbol0" layername="timeline_0" frame="0" z_index="1" m_a="0.984211" m_b="0.000000" m_c="0.000000" m_d="1.026946" m_tx="-73.116837" m_ty="-250.045181"/>
  </frame>
  <frame idx="325" w="172" h="457" x="-16.261538" y="-157.096100">
   <element name="symbol0" layername="timeline_0" frame="0" z_index="1" m_a="0.984211" m_b="0.000000" m_c="0.000000" m_d="1.026946" m_tx="-73.116837" m_ty="-250.045181"/>
  </frame>
  <frame idx="350" w="172" h="457" x="-16.261538" y="-157.096100">
   <element name="symbol0" layername="timeline_0" frame="0" z_index="1" m_a="0.984211" m_b="0.000000" m_c="0.000000" m_d="1.026946" m_tx="-73.116837" m_ty="-250.045181"/>
  </frame>
  <frame idx="375" w="172" h="457" x="-16.261538" y="-157.096100">
   <element name="symbol0" layername="timeline_0" frame="0" z_index="1" m_a="0.984211" m_b="0.000000" m_c="0.000000" m_d="1.026946" m_tx="-73.116837" m_ty="-250.045181"/>
  </frame>
  <frame idx="400" w="172" h="457" x="-16.261538" y="-157.096100">
   <element name="symbol0" layername="timeline_0" frame="0" z_index="1" m_a="0.984211" m_b="0.000000" m_c="0.000000" m_d="1.026946" m_tx="-73.116837" m_ty="-250.045181"/>
  </frame>
  <frame idx="425" w="172" h="457" x="-16.261538" y="-157.096100">
   <element name="symbol0" layername="timeline_0" frame="0" z_index="1" m_a="0.984211" m_b="0.000000" m_c="0.000000" m_d="1.026946" m_tx="-73.116837" m_ty="-250.045181"/>
  </frame>
  <frame idx="450" w="172" h="457" x="-16.261538" y="-157.096100">
   <element name="symbol0" layername="timeline_0" frame="0" z_index="1" m_a="0.984211" m_b="0.000000" m_c="0.000000" m_d="1.026946" m_tx="-73.116837" m_ty="-250.045181"/>
  </frame>
  <frame idx="475" w="172" h="457" x="-16.261538" y="-157.096100">
   <element name="symbol0" layername="timeline_0" frame="0" z_index="1" m_a="0.984211" m_b="0.000000" m_c="0.000000" m_d="1.026946" m_tx="-73.116837" m_ty="-250.045181"/>
  </frame>
  <frame idx="500" w="172" h="457" x="-16.261538" y="-157.096100">
   <element name="symbol0" layername="timeline_0" frame="0" z_index="1" m_a="0.984211" m_b="0.000000" m_c="0.000000" m_d="1.026946" m_tx="-73.116837" m_ty="-250.045181"/>
  </frame>
  <frame idx="525" w="172" h="457" x="-16.261538" y="-157.096100">
   <element name="symbol0" layername="timeline_0" frame="0" z_index="1" m_a="0.984211" m_b="0.000000" m_c="0.000000" m_d="1.026946" m_tx="-73.116837" m_ty="-250.045181"/>
  </frame>
  <frame idx="550" w="172" h="457" x="-16.261538" y="-157.096100">
   <element name="symbol0" layername="timeline_0" frame="0" z_index="1" m_a="0.984211" m_b="0.000000" m_c="0.000000" m_d="1.026946" m_tx="-73.116837" m_ty="-250.045181"/>
  </frame>
  <frame idx="575" w="172" h="457" x="-16.261538" y="-157.096100">
   <element name="symbol0" layername="timeline_0" frame="0" z_index="1" m_a="0.984211" m_b="0.000000" m_c="0.000000" m_d="1.026946" m_tx="-73.116837" m_ty="-250.045181"/>
  </frame>
  <frame idx="600" w="172" h="457" x="-16.261538" y="-157.096100">
   <element name="symbol0" layername="timeline_0" frame="0" z_index="1" m_a="0.984211" m_b="0.000000" m_c="0.000000" m_d="1.026946" m_tx="-73.116837" m_ty="-250.045181"/>
  </frame>
  <frame idx="625" w="172" h="457" x="-16.261538" y="-157.096100">
   <element name="symbol0" layername="timeline_0" frame="0" z_index="1" m_a="0.984211" m_b="0.000000" m_c="0.000000" m_d="1.026946" m_tx="-73.116837" m_ty="-250.045181"/>
  </frame>
  <frame idx="650" w="172" h="457" x="-16.261538" y="-157.096100">
   <element name="symbol0" layername="timeline_0" frame="0" z_index="1" m_a="0.984211" m_b="0.000000" m_c="0.000000" m_d="1.026946" m_tx="-73.116837" m_ty="-250.045181"/>
  </frame>
  <frame idx="675" w="172" h="457" x="-16.261538" y="-157.096100">
   <element name="symbol0" layername="timeline_0" frame="0" z_index="1" m_a="0.984211" m_b="0.000000" m_c="0.000000" m_d="1.026946" m_tx="-73.116837" m_ty="-250.045181"/>
  </frame>
  <frame idx="700" w="172" h="457" x="-16.261538" y="-157.096100">
   <element name="symbol0" layername="timeline_0" frame="0" z_index="1" m_a="0.984211" m_b="0.000000" m_c="0.000000" m_d="1.026946" m_tx="-73.116837" m_ty="-250.045181"/>
  </frame>
  <frame idx="725" w="172" h="457" x="-16.261538" y="-157.096100">
   <element name="symbol0" layername="timeline_0" frame="0" z_index="1" m_a="0.984211" m_b="0.000000" m_c="0.000000" m_d="1.026946" m_tx="-73.116837" m_ty="-250.045181"/>
  </frame>
  <frame idx="750" w="172" h="457" x="-16.261538" y="-157.096100">
   <element name="symbol0" layername="timeline_0" frame="0" z_index="1" m_a="0.984211" m_b="0.000000" m_c="0.000000" m_d="1.026946" m_tx="-73.116837" m_ty="-250.045181"/>
  </frame>
  <frame idx="775" w="172" h="457" x="-16.261538" y="-157.096100">
   <element name="symbol0" layername="timeline_0" frame="0" z_index="1" m_a="0.984211" m_b="0.000000" m_c="0.000000" m_d="1.026946" m_tx="-73.116837" m_ty="-250.045181"/>
  </frame>
  <frame idx="800" w="172" h="457" x="-16.261538" y="-157.096100">
   <element name="symbol0" layername="timeline_0" frame="0" z_index="1" m_a="0.984211" m_b="0.000000" m_c="0.000000" m_d="1.026946" m_tx="-73.116837" m_ty="-250.045181"/>
  </frame>
  <frame idx="825" w="172" h="457" x="-16.261538" y="-157.096100">
   <element name="symbol0" layername="timeline_0" frame="0" z_index="1" m_a="0.984211" m_b="0.000000" m_c="0.000000" m_d="1.026946" m_tx="-73.116837" m_ty="-250.045181"/>
  </frame>
  <frame idx="850" w="172" h="457" x="-16.261538" y="-157.096100">
   <element name="symbol0" layername="timeline_0" frame="0" z_index="1" m_a="0.984211" m_b="0.000000" m_c="0.000000" m_d="1.026946" m_tx="-73.116837" m_ty="-250.045181"/>
  </frame>
  <frame idx="875" w="172" h="457" x="-16.261538" y="-157.096100">
   <element name="symbol0" layername="timeline_0" frame="0" z_index="1" m_a="0.984211" m_b="0.000000" m_c="0.000000" m_d="1.026946" m_tx="-73.116837" m_ty="-250.045181"/>
  </frame>
  <frame idx="900" w="172" h="457" x="-16.261538" y="-157.096100">
   <element name="symbol0" layername="timeline_0" frame="0" z_index="1" m_a="0.984211" m_b="0.000000" m_c="0.000000" m_d="1.026946" m_tx="-73.116837" m_ty="-250.045181"/>
  </frame>
  <frame idx="925" w="172" h="457" x="-16.261538" y="-157.096100">
   <element name="symbol0" layername="timeline_0" frame="0" z_index="1" m_a="0.984211" m_b="0.000000" m_c="0.000000" m_d="1.026946" m_tx="-73.116837" m_ty="-250.045181"/>
  </frame>
  <frame idx="950" w="172" h="457" x="-16.261538" y="-157.096100">
   <element name="symbol0" layername="timeline_0" frame="0" z_index="1" m_a="0.984211" m_b="0.000000" m_c="0.000000" m_d="1.026946" m_tx="-73.116837" m_ty="-250.045181"/>
  </frame>
  <frame idx="975" w="172" h="457" x="-16.261538" y="-157.096100">
   <element name="symbol0" layername="timeline_0" frame="0" z_index="1" m_a="0.984211" m_b="0.000000" m_c="0.000000" m_d="1.026946" m_tx="-73.116837" m_ty="-250.045181"/>
  </frame>
 </anim>
</Anims>
